Geographic Area,2020,2021,2022,2023,2024,GEOID,STATEFP,NAMELSAD
Appling County,18378,18421,18479,18517,18669,13001,13,Appling County
Atkinson County,8312,8353,8236,8351,8435,13003,13,Atkinson County
Bacon County,11113,11074,11174,11140,11045,13005,13,Bacon County
Baker County,2850,2824,2796,2750,2732,13007,13,Baker County
Baldwin County,43793,43703,43649,43423,43644,13009,13,Baldwin County
Banks County,18139,18597,19404,19863,20318,13011,13,Banks County
Barrow County,84006,86759,89359,93011,96294,13013,13,Barrow County
Bartow County,109321,110953,112805,114977,117508,13015,13,Bartow County
Ben Hill County,17166,17128,17055,17150,16945,13017,13,Ben Hill County
Berrien County,18148,18120,18238,18587,18666,13019,13,Berrien County
Bibb County,157038,156005,156115,156676,157056,13021,13,Bibb County
Bleckley County,12525,12274,12270,12455,12626,13023,13,Bleckley County
Brantley County,18046,18123,18196,18417,18795,13025,13,Brantley County
Brooks County,16271,16276,16300,16275,16344,13027,13,Brooks County
Bryan County,45044,46976,48316,49876,51105,13029,13,Bryan County
Bulloch County,79918,80682,83027,84332,85454,13031,13,Bulloch County
Burke County,24640,24372,24433,24431,24472,13033,13,Burke County
Butts County,25554,26177,26745,26875,27127,13035,13,Butts County
Calhoun County,5574,5543,5471,5462,5441,13037,13,Calhoun County
Camden County,54929,55796,57036,57991,59099,13039,13,Camden County
Candler County,11026,10953,11000,11106,11130,13043,13,Candler County
Carroll County,119487,121592,124564,127293,129911,13045,13,Carroll County
Catoosa County,68007,68446,68840,68935,68940,13047,13,Catoosa County
Charlton County,12533,12827,12781,12928,13021,13049,13,Charlton County
Chatham County,295076,295714,301512,304757,307336,13051,13,Chatham County
Chattahoochee County,9481,9047,8773,8588,8548,13053,13,Chattahoochee County
Chattooga County,24929,24850,24921,25176,25306,13055,13,Chattooga County
Cherokee County,268169,274778,281455,287243,293513,13057,13,Cherokee County
Clarke County,128547,129211,129954,130338,129995,13059,13,Clarke County
Clay County,2829,2868,2862,2869,2815,13061,13,Clay County
Clayton County,299440,299234,298862,299380,297703,13063,13,Clayton County
Clinch County,6725,6708,6684,6808,6871,13065,13,Clinch County
Cobb County,766383,766747,774162,781208,787538,13067,13,Cobb County
Coffee County,43058,43053,43311,43464,43851,13069,13,Coffee County
Colquitt County,45901,45774,45952,46515,46977,13071,13,Colquitt County
Columbia County,156869,159680,162681,165470,167472,13073,13,Columbia County
Cook County,17236,17264,17414,17760,17984,13075,13,Cook County
Coweta County,146759,149999,153002,156269,158233,13077,13,Coweta County
Crawford County,12102,12140,12197,12335,12349,13079,13,Crawford County
Crisp County,20056,20005,19755,19668,19468,13081,13,Crisp County
Dade County,16235,16220,16114,16188,16068,13083,13,Dade County
Dawson County,27061,28505,30175,31720,33748,13085,13,Dawson County
Decatur County,29326,29097,29038,29124,29391,13087,13,Decatur County
DeKalb County,764630,759333,764440,768047,770307,13089,13,DeKalb County
Dodge County,19952,19739,19903,19799,19630,13091,13,Dodge County
Dooly County,11159,10879,10639,11056,11186,13093,13,Dooly County
Dougherty County,85161,82271,82972,82635,82418,13095,13,Dougherty County
Douglas County,144678,145786,147690,149401,151887,13097,13,Douglas County
Early County,10796,10638,10567,10570,10444,13099,13,Early County
Echols County,3721,3697,3694,3739,3698,13101,13,Echols County
Effingham County,65192,66795,69030,71549,73148,13103,13,Effingham County
Elbert County,19665,19572,19853,20003,20152,13105,13,Elbert County
Emanuel County,22902,22907,22953,23146,23224,13107,13,Emanuel County
Evans County,10795,10704,10662,10753,10869,13109,13,Evans County
Fannin County,25437,25800,25702,25916,25854,13111,13,Fannin County
Fayette County,119512,120751,122150,123698,125107,13113,13,Fayette County
Floyd County,98583,98498,99586,100407,101390,13115,13,Floyd County
Forsyth County,252911,260816,268075,274535,280096,13117,13,Forsyth County
Franklin County,23477,23518,24151,24815,25208,13119,13,Franklin County
Fulton County,1069333,1062576,1076569,1083971,1090354,13121,13,Fulton County
Gilmer County,31422,32102,32413,32868,33327,13123,13,Gilmer County
Glascock County,2893,2897,2919,2943,3008,13125,13,Glascock County
Glynn County,84490,84773,85202,86229,86540,13127,13,Glynn County
Gordon County,57729,58252,58909,59844,60765,13129,13,Gordon County
Grady County,26227,25858,26056,26130,26271,13131,13,Grady County
Greene County,19032,19553,20136,20733,21091,13133,13,Greene County
Gwinnett County,958378,965458,980015,991602,1003869,13135,13,Gwinnett County
Habersham County,46140,46753,47558,48851,49665,13137,13,Habersham County
Hall County,203409,206998,213126,218248,221745,13139,13,Hall County
Hancock County,8709,8676,8453,8730,8683,13141,13,Hancock County
Haralson County,30040,30601,31340,32040,32404,13143,13,Haralson County
Harris County,34900,35594,36308,36700,36929,13145,13,Harris County
Hart County,25883,26326,26877,27557,28052,13147,13,Hart County
Heard County,11445,11531,11720,12052,12119,13149,13,Heard County
Henry County,241867,245127,248559,254934,259315,13151,13,Henry County
Houston County,164358,167245,169791,171955,174897,13153,13,Houston County
Irwin County,9650,9376,9121,9123,9155,13155,13,Irwin County
Jackson County,76740,80394,84102,88723,93825,13157,13,Jackson County
Jasper County,14670,15275,15985,16496,17219,13159,13,Jasper County
Jeff Davis County,14802,14865,14909,14927,15119,13161,13,Jeff Davis County
Jefferson County,15676,15480,15318,15211,15019,13163,13,Jefferson County
Jenkins County,8663,8769,8661,8628,8836,13165,13,Jenkins County
Johnson County,9183,9004,9255,9328,9178,13167,13,Johnson County
Jones County,28399,28406,28514,29000,29047,13169,13,Jones County
Lamar County,18554,18702,19489,20420,20690,13171,13,Lamar County
Lanier County,9929,10052,10207,10452,10464,13173,13,Lanier County
Laurens County,49542,49526,49705,49932,50287,13175,13,Laurens County
Lee County,33218,33210,33699,33928,34073,13177,13,Lee County
Liberty County,65339,66771,68031,68235,68607,13179,13,Liberty County
Lincoln County,7702,7750,7872,7898,8049,13181,13,Lincoln County
Long County,16264,17105,18409,19651,20439,13183,13,Long County
Lowndes County,118432,118966,119547,120800,122082,13185,13,Lowndes County
Lumpkin County,33636,32844,34763,35268,36016,13187,13,Lumpkin County
McDuffie County,21613,21628,21727,21860,21764,13189,13,McDuffie County
McIntosh County,10984,11056,11190,11532,11800,13191,13,McIntosh County
Macon County,12020,11854,11778,11838,11831,13193,13,Macon County
Madison County,30276,30891,31447,32255,32771,13195,13,Madison County
Marion County,7528,7431,7464,7485,7635,13197,13,Marion County
Meriwether County,20619,20733,20892,20964,21439,13199,13,Meriwether County
Miller County,5992,5852,5790,5790,5824,13201,13,Miller County
Mitchell County,21676,21326,21182,20778,20329,13205,13,Mitchell County
Monroe County,28059,28752,29455,30616,31437,13207,13,Monroe County
Montgomery County,8569,8640,8656,8767,8566,13209,13,Montgomery County
Morgan County,20206,20660,21048,21537,21940,13211,13,Morgan County
Murray County,40012,39976,40432,41072,41316,13213,13,Murray County
Muscogee County,207015,205094,202658,201959,201830,13215,13,Muscogee County
Newton County,112897,115356,117970,120529,124010,13217,13,Newton County
Oconee County,42025,43049,43676,44256,44751,13219,13,Oconee County
Oglethorpe County,14867,15187,15532,15788,16172,13221,13,Oglethorpe County
Paulding County,169576,173998,178885,183535,188549,13223,13,Paulding County
Peach County,28042,28254,28484,28807,29213,13225,13,Peach County
Pickens County,33347,34035,34817,35975,36580,13227,13,Pickens County
Pierce County,19746,19978,20176,20443,20669,13229,13,Pierce County
Pike County,18943,19545,19936,20422,20669,13231,13,Pike County
Polk County,42922,43322,43706,44363,44610,13233,13,Polk County
Pulaski County,9874,9572,9953,10114,10180,13235,13,Pulaski County
Putnam County,22166,22614,22928,23183,23383,13237,13,Putnam County
Quitman County,2224,2239,2254,2278,2323,13239,13,Quitman County
Rabun County,16913,17119,17292,17525,17711,13241,13,Rabun County
Randolph County,6364,6262,6155,6113,6085,13243,13,Randolph County
Richmond County,206557,205331,206510,205646,206303,13245,13,Richmond County
Rockdale County,93617,93899,95016,96263,97610,13247,13,Rockdale County
Schley County,4538,4488,4503,4534,4503,13249,13,Schley County
Screven County,14079,14067,13977,14204,14325,13251,13,Screven County
Seminole County,9133,9166,9129,9080,9274,13253,13,Seminole County
Spalding County,67465,67698,69015,69992,70292,13255,13,Spalding County
Stephens County,26816,26769,26724,27255,27498,13257,13,Stephens County
Stewart County,5294,4913,4634,4697,4809,13259,13,Stewart County
Sumter County,29522,28989,28880,28942,28972,13261,13,Sumter County
Talbot County,5725,5757,5759,5715,5755,13263,13,Talbot County
Taliaferro County,1558,1567,1600,1601,1620,13265,13,Taliaferro County
Tattnall County,24325,24100,24012,24328,24275,13267,13,Tattnall County
Taylor County,7819,7770,7767,7793,7783,13269,13,Taylor County
Telfair County,12453,12319,12416,10969,11000,13271,13,Telfair County
Terrell County,9140,8927,8782,8704,8698,13273,13,Terrell County
Thomas County,45786,45835,45542,45666,46054,13275,13,Thomas County
Tift County,41391,41095,41378,41620,41708,13277,13,Tift County
Toombs County,27085,26854,26881,27198,27488,13279,13,Toombs County
Towns County,12551,12880,12944,13007,13184,13281,13,Towns County
Treutlen County,6393,6364,6353,6351,6420,13283,13,Treutlen County
Troup County,69348,69535,70297,70957,71513,13285,13,Troup County
Turner County,8985,8920,8842,8926,9023,13287,13,Turner County
Twiggs County,8011,7880,7688,7706,7728,13289,13,Twiggs County
Union County,24801,25605,26400,27115,27601,13291,13,Union County
Upson County,27740,27685,28098,28265,28358,13293,13,Upson County
Walker County,67747,68425,68887,69410,69340,13295,13,Walker County
Walton County,97136,99804,103056,106778,109792,13297,13,Walton County
Ware County,36231,35554,35608,36263,36222,13299,13,Ware County
Warren County,5212,5215,5168,5108,5148,13301,13,Warren County
Washington County,19957,19772,19791,19891,19834,13303,13,Washington County
Wayne County,30146,30231,30786,31449,32132,13305,13,Wayne County
Webster County,2352,2364,2351,2367,2315,13307,13,Webster County
Wheeler County,7451,7742,7307,7097,7076,13309,13,Wheeler County
White County,28114,28404,28810,29056,29668,13311,13,White County
Whitfield County,102794,102729,103252,104147,105070,13313,13,Whitfield County
Wilcox County,8792,8745,8747,8801,8904,13315,13,Wilcox County
Wilkes County,9551,9490,9585,9552,9567,13317,13,Wilkes County
Wilkinson County,8839,8794,8689,8747,8667,13319,13,Wilkinson County
Worth County,20734,20568,20420,20271,20262,13321,13,Worth County
