location_name,location_type,article_id
Atkinson County,county,2396
Baldwin County,county,1209
Baldwin County,county,1812
Bartow County,county,486
Bartow County,county,585
Bartow County,county,784
Bartow County,county,2752
Berrien County,county,1940
Bibb County,county,81
Bibb County,county,620
Bibb County,county,1359
Bibb County,county,1812
Bibb County,county,2119
Bibb County,county,2536
Bibb County,county,2650
Bibb County,county,2759
Bibb County,county,2786
Bryan County,county,64
Bryan County,county,117
Bryan County,county,1393
Butts County,county,64
Butts County,county,117
Calhoun County,county,904
Carroll County,county,127
Carroll County,county,396
Carroll County,county,1382
Carroll County,county,1400
Carroll County,county,1504
Carroll County,county,1804
Chatham County,county,132
Chatham County,county,1221
Chatham County,county,1283
Chatham County,county,1327
Clarke County,county,190
Clarke County,county,829
Clarke County,county,1111
Clarke County,county,1497
Clarke County,county,1801
Clarke County,county,1936
Clarke County,county,2076
Clarke County,county,2499
Clay County,county,1250
Clay County,county,1628
Clay County,county,2553
Clay County,county,2651
Clayton County,county,422
Clayton County,county,726
Clayton County,county,2047
Cobb County,county,1719
Cobb County,county,2627
Columbia County,county,582
Columbia County,county,601
Columbia County,county,602
Columbia County,county,988
Columbia County,county,1215
Columbia County,county,1230
Columbia County,county,1241
Columbia County,county,1296
Columbia County,county,1520
Columbia County,county,1577
Columbia County,county,1584
Columbia County,county,1597
Columbia County,county,1598
Columbia County,county,1601
Columbia County,county,1619
Columbia County,county,1893
Columbia County,county,1898
Columbia County,county,2035
Columbia County,county,2469
Columbia County,county,2475
Columbia County,county,2684
Cook County,county,24
Cook County,county,230
Cook County,county,239
Cook County,county,241
Cook County,county,543
Cook County,county,633
Cook County,county,683
Cook County,county,1047
Cook County,county,1085
Cook County,county,1401
Cook County,county,1445
Cook County,county,1778
Coweta County,county,64
Coweta County,county,117
Coweta County,county,123
Coweta County,county,319
Coweta County,county,490
Coweta County,county,530
Coweta County,county,616
Coweta County,county,901
Coweta County,county,1160
Coweta County,county,1443
Coweta County,county,1599
Coweta County,county,1605
Coweta County,county,1625
Coweta County,county,1897
Coweta County,county,1935
Coweta County,county,2046
Coweta County,county,2047
Coweta County,county,2270
Coweta County,county,2586
Coweta County,county,2752
Crawford County,county,1812
Dade County,county,1726
Dade County,county,1903
Dade County,county,2372
Dade County,county,2383
DeKalb County,county,123
DeKalb County,county,422
DeKalb County,county,485
DeKalb County,county,517
DeKalb County,county,614
DeKalb County,county,677
DeKalb County,county,709
DeKalb County,county,897
DeKalb County,county,1719
DeKalb County,county,1735
DeKalb County,county,1755
DeKalb County,county,1768
DeKalb County,county,1769
DeKalb County,county,1807
DeKalb County,county,2197
DeKalb County,county,2217
DeKalb County,county,2221
DeKalb County,county,2259
DeKalb County,county,2421
Dodge County,county,743
Dodge County,county,866
Douglas County,county,594
Douglas County,county,605
Douglas County,county,901
Douglas County,county,943
Douglas County,county,1768
Douglas County,county,1769
Douglas County,county,1814
Douglas County,county,1839
Douglas County,county,2170
Douglas County,county,2586
Fayette County,county,121
Fayette County,county,125
Fayette County,county,709
Fayette County,county,782
Fayette County,county,1584
Fayette County,county,1621
Fayette County,county,2050
Fayette County,county,2771
Fayette County,county,2781
Fayette County,county,2786
Floyd County,county,1249
Floyd County,county,1320
Floyd County,county,1493
Floyd County,county,2125
Floyd County,county,2159
Floyd County,county,2275
Floyd County,county,2383
Floyd County,county,2455
Floyd County,county,2461
Floyd County,county,2462
Floyd County,county,2464
Floyd County,county,2484
Forsyth County,county,1768
Forsyth County,county,1769
Franklin County,county,1043
Franklin County,county,1393
Franklin County,county,1542
Franklin County,county,2209
Franklin County,county,2297
Fulton County,county,772
Fulton County,county,1264
Fulton County,county,2586
Gilmer County,county,123
Gordon County,county,420
Gordon County,county,2255
Gordon County,county,2257
Greene County,county,995
Greene County,county,1199
Greene County,county,1217
Greene County,county,1244
Greene County,county,1270
Greene County,county,1287
Greene County,county,1292
Greene County,county,1301
Greene County,county,1446
Greene County,county,1503
Greene County,county,1792
Greene County,county,2312
Greene County,county,2545
Greene County,county,2550
Gwinnett County,county,1719
Hall County,county,17
Hall County,county,421
Hall County,county,816
Hall County,county,856
Hall County,county,1334
Hall County,county,1531
Hall County,county,1547
Hall County,county,1580
Hall County,county,1716
Hall County,county,2586
Hall County,county,2640
Harris County,county,87
Harris County,county,1294
Henry County,county,1721
Houston County,county,1812
Jackson County,county,907
Jackson County,county,955
Jackson County,county,1628
Jackson County,county,2258
Jackson County,county,2267
Jackson County,county,2733
Jasper County,county,2393
Jasper County,county,2481
Jefferson County,county,1
Jefferson County,county,245
Jefferson County,county,393
Jefferson County,county,518
Jefferson County,county,606
Jefferson County,county,653
Jefferson County,county,788
Jefferson County,county,817
Jefferson County,county,820
Jefferson County,county,855
Jefferson County,county,954
Jefferson County,county,1100
Jefferson County,county,1143
Jefferson County,county,1331
Jefferson County,county,1333
Jefferson County,county,1382
Jefferson County,county,1400
Jefferson County,county,1413
Jefferson County,county,1429
Jefferson County,county,1496
Jefferson County,county,1578
Jefferson County,county,1582
Jefferson County,county,1588
Jefferson County,county,1792
Jefferson County,county,1796
Jefferson County,county,2027
Jefferson County,county,2034
Jefferson County,county,2037
Jefferson County,county,2039
Jefferson County,county,2057
Jefferson County,county,2171
Jefferson County,county,2395
Jefferson County,county,2549
Jefferson County,county,2753
Jefferson County,county,2770
Johnson County,county,375
Johnson County,county,1084
Johnson County,county,1111
Johnson County,county,1432
Jones County,county,620
Jones County,county,1098
Jones County,county,1566
Jones County,county,1624
Jones County,county,1657
Jones County,county,1668
Jones County,county,1674
Jones County,county,1675
Jones County,county,1891
Jones County,county,2119
Lamar County,county,841
Lamar County,county,1867
Lamar County,county,1944
Lee County,county,132
Lee County,county,1221
Lee County,county,1283
Lee County,county,2400
Lincoln County,county,269
Lincoln County,county,1391
Lincoln County,county,2038
Lincoln County,county,2405
Lincoln County,county,2408
Lincoln County,county,2471
Long County,county,488
Long County,county,1551
Long County,county,1709
Long County,county,1960
Long County,county,2051
Macon County,county,2650
Madison County,county,399
Madison County,county,446
Madison County,county,535
Madison County,county,543
Madison County,county,554
Madison County,county,563
Madison County,county,565
Madison County,county,566
Madison County,county,1409
Madison County,county,1411
Madison County,county,1669
Marion County,county,239
Marion County,county,241
Marion County,county,682
Marion County,county,865
Marion County,county,1061
Marion County,county,1886
Marion County,county,2218
Marion County,county,2250
Marion County,county,2251
Marion County,county,2360
Marion County,county,2372
Marion County,county,2424
Marion County,county,2425
Marion County,county,2462
Marion County,county,2463
Marion County,county,2464
Marion County,county,2483
Marion County,county,2487
Marion County,county,2503
Marion County,county,2557
Marion County,county,2656
Marion County,county,2771
Monroe County,county,45
Monroe County,county,113
Monroe County,county,465
Monroe County,county,485
Monroe County,county,528
Monroe County,county,560
Monroe County,county,611
Monroe County,county,612
Monroe County,county,620
Monroe County,county,659
Monroe County,county,1568
Monroe County,county,1810
Monroe County,county,1812
Monroe County,county,1941
Monroe County,county,1944
Monroe County,county,2119
Monroe County,county,2149
Monroe County,county,2178
Monroe County,county,2536
Monroe County,county,2759
Montgomery County,county,11
Montgomery County,county,18
Montgomery County,county,103
Montgomery County,county,546
Montgomery County,county,1345
Montgomery County,county,1558
Montgomery County,county,1587
Montgomery County,county,1842
Montgomery County,county,2134
Montgomery County,county,2152
Montgomery County,county,2466
Montgomery County,county,2657
Montgomery County,county,2659
Montgomery County,county,2663
Montgomery County,county,2666
Montgomery County,county,2731
Morgan County,county,1583
Morgan County,county,2058
Morgan County,county,2075
Morgan County,county,2229
Morgan County,county,2251
Newton County,county,151
Newton County,county,1098
Newton County,county,1277
Newton County,county,1550
Newton County,county,1575
Newton County,county,1698
Newton County,county,1774
Newton County,county,1847
Newton County,county,2023
Newton County,county,2169
Newton County,county,2178
Newton County,county,2418
Newton County,county,2586
Newton County,county,2597
Newton County,county,2679
Oconee County,county,190
Peach County,county,1812
Pike County,county,123
Pike County,county,230
Pike County,county,1072
Polk County,county,1209
Polk County,county,1432
Polk County,county,2540
Polk County,county,2571
Polk County,county,2572
Pulaski County,county,61
Pulaski County,county,2666
Pulaski County,county,2771
Putnam County,county,2227
Putnam County,county,2236
Randolph County,county,2396
Richmond County,county,519
Richmond County,county,830
Richmond County,county,1215
Richmond County,county,1230
Richmond County,county,1302
Richmond County,county,1325
Richmond County,county,1329
Richmond County,county,1361
Richmond County,county,1448
Richmond County,county,1597
Richmond County,county,1598
Richmond County,county,1601
Richmond County,county,1630
Richmond County,county,2536
Rockdale County,county,621
Taylor County,county,1624
Taylor County,county,2585
Thomas County,county,954
Towns County,county,626
Troup County,county,123
Troup County,county,192
Troup County,county,276
Troup County,county,1252
Troup County,county,1483
Troup County,county,1486
Troup County,county,1584
Troup County,county,1603
Troup County,county,1621
Troup County,county,1705
Troup County,county,2561
Troup County,county,2586
Turner County,county,1779
Twiggs County,county,81
Twiggs County,county,1668
Twiggs County,county,1675
Twiggs County,county,1810
Twiggs County,county,1812
Twiggs County,county,1891
Twiggs County,county,2119
Twiggs County,county,2536
Twiggs County,county,2547
Twiggs County,county,2579
Twiggs County,county,2582
Twiggs County,county,2589
Twiggs County,county,2624
Twiggs County,county,2641
Twiggs County,county,2650
Twiggs County,county,2652
Twiggs County,county,2780
Union County,county,1454
Union County,county,2746
Union County,county,2779
Union County,county,2782
Walton County,county,1063
Walton County,county,2597
Warren County,county,446
Warren County,county,453
Warren County,county,535
Warren County,county,536
Warren County,county,554
Warren County,county,563
Warren County,county,565
Warren County,county,566
Warren County,county,586
Warren County,county,839
Warren County,county,1114
Warren County,county,1340
Warren County,county,1393
Warren County,county,1473
Warren County,county,1501
Warren County,county,2402
Warren County,county,2460
Warren County,county,2540
Warren County,county,2563
Warren County,county,2571
Warren County,county,2572
Warren County,county,2675
Washington County,county,396
Washington County,county,751
Washington County,county,752
Washington County,county,753
Washington County,county,754
Washington County,county,755
Washington County,county,756
Washington County,county,757
Washington County,county,758
Washington County,county,759
Washington County,county,760
Washington County,county,762
Washington County,county,763
Washington County,county,764
Washington County,county,765
Washington County,county,766
Washington County,county,767
Washington County,county,768
Washington County,county,769
Washington County,county,832
Washington County,county,974
Washington County,county,994
Washington County,county,1270
Washington County,county,1645
Washington County,county,1811
Washington County,county,1896
Washington County,county,2757
Wayne County,county,1393
Wheeler County,county,1454
White County,county,1248
Wilkinson County,county,2780
Augusta-Richmond County,municipality,519
Augusta-Richmond County,municipality,1215
Augusta-Richmond County,municipality,1230
Augusta-Richmond County,municipality,1361
Augusta-Richmond County,municipality,1597
Augusta-Richmond County,municipality,1598
Augusta-Richmond County,municipality,1601
Augusta-Richmond County,municipality,2536
Columbus,municipality,513
Columbus,municipality,720
Columbus,municipality,782
Columbus,municipality,839
Columbus,municipality,1114
Columbus,municipality,1542
Columbus,municipality,1705
Macon-Bibb County,municipality,81
Macon-Bibb County,municipality,620
Macon-Bibb County,municipality,1359
Macon-Bibb County,municipality,2119
Macon-Bibb County,municipality,2536
Macon-Bibb County,municipality,2759
Macon-Bibb County,municipality,2786
Savannah,municipality,901
Savannah,municipality,1015
Savannah,municipality,1580
Savannah,municipality,1809
Savannah,municipality,1865
Savannah,municipality,2018
Savannah,municipality,2035
Savannah,municipality,2777
Savannah,municipality,2780
Athens-Clarke County,municipality,190
Athens-Clarke County,municipality,829
Athens-Clarke County,municipality,2076
Athens-Clarke County,municipality,2499
South Fulton,municipality,1264
South Fulton,municipality,1768
South Fulton,municipality,1769
South Fulton,municipality,2586
Sandy Springs,municipality,1627
Roswell,municipality,179
Roswell,municipality,1280
Roswell,municipality,1324
Roswell,municipality,2084
Roswell,municipality,2627
Warner Robins,municipality,1568
Warner Robins,municipality,1812
Warner Robins,municipality,2759
Alpharetta,municipality,1580
Alpharetta,municipality,2774
Albany,municipality,109
Albany,municipality,782
Albany,municipality,1056
Marietta,municipality,201
Marietta,municipality,479
Marietta,municipality,857
Marietta,municipality,1089
Marietta,municipality,1243
Marietta,municipality,1671
Marietta,municipality,1719
Marietta,municipality,2020
Marietta,municipality,2597
Marietta,municipality,2627
Marietta,municipality,2751
Stonecrest,municipality,709
Brookhaven,municipality,1137
Brookhaven,municipality,1138
Brookhaven,municipality,1139
Brookhaven,municipality,1140
Brookhaven,municipality,1141
Brookhaven,municipality,1421
Brookhaven,municipality,2197
Smyrna,municipality,1407
Smyrna,municipality,2627
Valdosta,municipality,276
Valdosta,municipality,784
Dunwoody,municipality,2197
Gainesville,municipality,17
Gainesville,municipality,225
Gainesville,municipality,232
Gainesville,municipality,244
Gainesville,municipality,246
Gainesville,municipality,296
Gainesville,municipality,542
Gainesville,municipality,953
Gainesville,municipality,1049
Gainesville,municipality,1060
Gainesville,municipality,1127
Gainesville,municipality,1191
Gainesville,municipality,1193
Gainesville,municipality,1202
Gainesville,municipality,1220
Gainesville,municipality,1531
Gainesville,municipality,1580
Gainesville,municipality,1714
Gainesville,municipality,1738
Gainesville,municipality,1842
Gainesville,municipality,1895
Gainesville,municipality,2004
Gainesville,municipality,2465
Gainesville,municipality,2534
Gainesville,municipality,2565
Gainesville,municipality,2584
Gainesville,municipality,2602
Gainesville,municipality,2640
Gainesville,municipality,2653
Gainesville,municipality,2775
Newnan,municipality,530
Newnan,municipality,616
Newnan,municipality,901
Newnan,municipality,1160
Newnan,municipality,1897
Newnan,municipality,2047
Newnan,municipality,2499
Newnan,municipality,2586
Newnan,municipality,2752
Milton,municipality,321
Milton,municipality,1350
Peachtree City,municipality,1436
Douglasville,municipality,1493
Douglasville,municipality,2159
Woodstock,municipality,2627
Rome,municipality,480
Rome,municipality,1493
Rome,municipality,2114
Rome,municipality,2125
Rome,municipality,2159
Rome,municipality,2275
Rome,municipality,2383
Rome,municipality,2461
East Point,municipality,1695
Canton,municipality,2627
Kennesaw,municipality,1053
Kennesaw,municipality,1719
Kennesaw,municipality,2364
Kennesaw,municipality,2627
Evans,municipality,41
Evans,municipality,42
Evans,municipality,138
Evans,municipality,148
Evans,municipality,155
Evans,municipality,159
Evans,municipality,210
Evans,municipality,220
Evans,municipality,226
Evans,municipality,228
Evans,municipality,229
Evans,municipality,230
Evans,municipality,239
Evans,municipality,241
Evans,municipality,378
Evans,municipality,493
Evans,municipality,494
Evans,municipality,495
Evans,municipality,737
Evans,municipality,794
Evans,municipality,902
Evans,municipality,911
Evans,municipality,918
Evans,municipality,926
Evans,municipality,954
Evans,municipality,1083
Evans,municipality,1108
Evans,municipality,1155
Evans,municipality,1156
Evans,municipality,1160
Evans,municipality,1165
Evans,municipality,1192
Evans,municipality,1241
Evans,municipality,1274
Evans,municipality,1289
Evans,municipality,1316
Evans,municipality,1318
Evans,municipality,1367
Evans,municipality,1593
Evans,municipality,1750
Evans,municipality,1778
Evans,municipality,1812
Evans,municipality,2030
Evans,municipality,2194
Evans,municipality,2195
Evans,municipality,2199
Evans,municipality,2200
Evans,municipality,2201
Evans,municipality,2202
Evans,municipality,2203
Evans,municipality,2376
Evans,municipality,2535
Evans,municipality,2556
Evans,municipality,2557
Evans,municipality,2769
Tucker,municipality,19
Tucker,municipality,90
Tucker,municipality,140
Tucker,municipality,141
Tucker,municipality,160
Tucker,municipality,389
Tucker,municipality,508
Tucker,municipality,570
Tucker,municipality,688
Tucker,municipality,772
Tucker,municipality,824
Tucker,municipality,872
Tucker,municipality,980
Tucker,municipality,1013
Tucker,municipality,1098
Tucker,municipality,1148
Tucker,municipality,1150
Tucker,municipality,1336
Tucker,municipality,1387
Tucker,municipality,1494
Tucker,municipality,1496
Tucker,municipality,1505
Tucker,municipality,1557
Tucker,municipality,1607
Tucker,municipality,1741
Tucker,municipality,1752
Tucker,municipality,1753
Tucker,municipality,1756
Tucker,municipality,1810
Tucker,municipality,1841
Tucker,municipality,2111
Tucker,municipality,2112
Tucker,municipality,2312
Tucker,municipality,2343
Tucker,municipality,2500
Tucker,municipality,2508
Tucker,municipality,2541
Tucker,municipality,2546
Tucker,municipality,2587
Tucker,municipality,2590
Tucker,municipality,2601
Stockbridge,municipality,844
Stockbridge,municipality,2060
Stockbridge,municipality,2596
Dalton,municipality,123
LaGrange,municipality,123
LaGrange,municipality,192
LaGrange,municipality,276
LaGrange,municipality,1064
LaGrange,municipality,1252
LaGrange,municipality,1483
LaGrange,municipality,1486
LaGrange,municipality,1528
LaGrange,municipality,1603
LaGrange,municipality,1640
LaGrange,municipality,1641
LaGrange,municipality,1646
LaGrange,municipality,1705
LaGrange,municipality,2370
LaGrange,municipality,2561
LaGrange,municipality,2586
LaGrange,municipality,2681
LaGrange,municipality,2685
LaGrange,municipality,2686
LaGrange,municipality,2687
LaGrange,municipality,2753
Duluth,municipality,120
Duluth,municipality,143
Duluth,municipality,484
Duluth,municipality,625
Duluth,municipality,701
Duluth,municipality,713
Duluth,municipality,741
Duluth,municipality,773
Duluth,municipality,774
Duluth,municipality,776
Duluth,municipality,777
Duluth,municipality,778
Duluth,municipality,792
Duluth,municipality,858
Duluth,municipality,875
Duluth,municipality,917
Duluth,municipality,1005
Duluth,municipality,1077
Duluth,municipality,1094
Duluth,municipality,1099
Duluth,municipality,1146
Duluth,municipality,1166
Duluth,municipality,1295
Duluth,municipality,1366
Duluth,municipality,1377
Duluth,municipality,1403
Duluth,municipality,1516
Duluth,municipality,1579
Duluth,municipality,1610
Duluth,municipality,1615
Duluth,municipality,1618
Duluth,municipality,1717
Duluth,municipality,1732
Duluth,municipality,1802
Duluth,municipality,1843
Duluth,municipality,1861
Duluth,municipality,1905
Duluth,municipality,1908
Duluth,municipality,1909
Duluth,municipality,1910
Duluth,municipality,1911
Duluth,municipality,1914
Duluth,municipality,1915
Duluth,municipality,1916
Duluth,municipality,1917
Duluth,municipality,2118
Duluth,municipality,2122
Duluth,municipality,2123
Duluth,municipality,2124
Duluth,municipality,2127
Duluth,municipality,2128
Duluth,municipality,2133
Duluth,municipality,2135
Duluth,municipality,2137
Duluth,municipality,2138
Duluth,municipality,2139
Duluth,municipality,2140
Duluth,municipality,2141
Duluth,municipality,2142
Duluth,municipality,2145
Duluth,municipality,2147
Duluth,municipality,2148
Duluth,municipality,2243
Duluth,municipality,2268
Duluth,municipality,2274
Duluth,municipality,2305
Duluth,municipality,2306
Duluth,municipality,2307
Duluth,municipality,2308
Duluth,municipality,2315
Duluth,municipality,2316
Duluth,municipality,2317
Duluth,municipality,2318
Duluth,municipality,2319
Duluth,municipality,2321
Duluth,municipality,2324
Duluth,municipality,2326
Duluth,municipality,2327
Duluth,municipality,2338
Duluth,municipality,2339
Duluth,municipality,2340
Duluth,municipality,2348
Duluth,municipality,2350
Duluth,municipality,2353
Duluth,municipality,2354
Duluth,municipality,2355
Duluth,municipality,2574
Duluth,municipality,2660
Martinez,municipality,138
Martinez,municipality,171
Martinez,municipality,178
Martinez,municipality,211
Martinez,municipality,282
Martinez,municipality,303
Martinez,municipality,379
Martinez,municipality,467
Martinez,municipality,534
Martinez,municipality,537
Martinez,municipality,538
Martinez,municipality,539
Martinez,municipality,541
Martinez,municipality,545
Martinez,municipality,547
Martinez,municipality,548
Martinez,municipality,551
Martinez,municipality,552
Martinez,municipality,561
Martinez,municipality,564
Martinez,municipality,628
Martinez,municipality,641
Martinez,municipality,664
Martinez,municipality,732
Martinez,municipality,1085
Martinez,municipality,1113
Martinez,municipality,1383
Martinez,municipality,1417
Martinez,municipality,1430
Martinez,municipality,1543
Martinez,municipality,1616
Martinez,municipality,1745
Martinez,municipality,1746
Martinez,municipality,2041
Martinez,municipality,2043
Martinez,municipality,2044
Martinez,municipality,2045
Martinez,municipality,2065
Martinez,municipality,2220
Martinez,municipality,2222
Martinez,municipality,2261
Martinez,municipality,2368
Martinez,municipality,2385
Martinez,municipality,2398
Martinez,municipality,2452
Martinez,municipality,2679
Martinez,municipality,2748
McDonough,municipality,909
McDonough,municipality,1285
McDonough,municipality,1452
McDonough,municipality,1538
McDonough,municipality,1590
McDonough,municipality,1606
McDonough,municipality,2759
Chamblee,municipality,489
Sugar Hill,municipality,1702
Carrollton,municipality,2778
Union City,municipality,942
Union City,municipality,1264
Union City,municipality,2458
Cartersville,municipality,406
Cartersville,municipality,486
Cartersville,municipality,2752
Perry,municipality,65
Perry,municipality,67
Perry,municipality,189
Perry,municipality,492
Perry,municipality,519
Perry,municipality,543
Perry,municipality,620
Perry,municipality,729
Perry,municipality,735
Perry,municipality,772
Perry,municipality,779
Perry,municipality,780
Perry,municipality,783
Perry,municipality,789
Perry,municipality,891
Perry,municipality,903
Perry,municipality,905
Perry,municipality,1052
Perry,municipality,1067
Perry,municipality,1070
Perry,municipality,1079
Perry,municipality,1110
Perry,municipality,1136
Perry,municipality,1151
Perry,municipality,1197
Perry,municipality,1203
Perry,municipality,1368
Perry,municipality,1394
Perry,municipality,1434
Perry,municipality,1435
Perry,municipality,1440
Perry,municipality,1451
Perry,municipality,1467
Perry,municipality,1488
Perry,municipality,1520
Perry,municipality,1537
Perry,municipality,1676
Perry,municipality,1681
Perry,municipality,1734
Perry,municipality,1773
Perry,municipality,1786
Perry,municipality,1812
Perry,municipality,1904
Perry,municipality,1924
Perry,municipality,1964
Perry,municipality,1997
Perry,municipality,2054
Perry,municipality,2055
Perry,municipality,2056
Perry,municipality,2063
Perry,municipality,2082
Perry,municipality,2089
Perry,municipality,2092
Perry,municipality,2108
Perry,municipality,2120
Perry,municipality,2121
Perry,municipality,2173
Perry,municipality,2174
Perry,municipality,2182
Perry,municipality,2187
Perry,municipality,2228
Perry,municipality,2265
Perry,municipality,2272
Perry,municipality,2273
Perry,municipality,2280
Perry,municipality,2285
Perry,municipality,2297
Perry,municipality,2309
Perry,municipality,2314
Perry,municipality,2381
Perry,municipality,2404
Perry,municipality,2423
Perry,municipality,2485
Perry,municipality,2540
Perry,municipality,2558
Perry,municipality,2568
Perry,municipality,2571
Perry,municipality,2572
Perry,municipality,2598
Perry,municipality,2599
Perry,municipality,2661
Perry,municipality,2735
Perry,municipality,2756
Perry,municipality,2787
Decatur,municipality,7
Decatur,municipality,80
Decatur,municipality,82
Decatur,municipality,83
Decatur,municipality,84
Decatur,municipality,105
Decatur,municipality,108
Decatur,municipality,230
Decatur,municipality,265
Decatur,municipality,300
Decatur,municipality,304
Decatur,municipality,314
Decatur,municipality,366
Decatur,municipality,368
Decatur,municipality,405
Decatur,municipality,408
Decatur,municipality,411
Decatur,municipality,412
Decatur,municipality,419
Decatur,municipality,422
Decatur,municipality,427
Decatur,municipality,428
Decatur,municipality,433
Decatur,municipality,557
Decatur,municipality,569
Decatur,municipality,573
Decatur,municipality,581
Decatur,municipality,591
Decatur,municipality,655
Decatur,municipality,660
Decatur,municipality,687
Decatur,municipality,691
Decatur,municipality,693
Decatur,municipality,694
Decatur,municipality,697
Decatur,municipality,709
Decatur,municipality,723
Decatur,municipality,733
Decatur,municipality,739
Decatur,municipality,808
Decatur,municipality,897
Decatur,municipality,999
Decatur,municipality,1016
Decatur,municipality,1029
Decatur,municipality,1074
Decatur,municipality,1144
Decatur,municipality,1195
Decatur,municipality,1198
Decatur,municipality,1201
Decatur,municipality,1228
Decatur,municipality,1260
Decatur,municipality,1460
Decatur,municipality,1479
Decatur,municipality,1484
Decatur,municipality,1513
Decatur,municipality,1527
Decatur,municipality,1529
Decatur,municipality,1530
Decatur,municipality,1533
Decatur,municipality,1535
Decatur,municipality,1536
Decatur,municipality,1539
Decatur,municipality,1540
Decatur,municipality,1680
Decatur,municipality,1755
Decatur,municipality,1789
Decatur,municipality,1795
Decatur,municipality,1807
Decatur,municipality,1860
Decatur,municipality,1872
Decatur,municipality,1888
Decatur,municipality,1934
Decatur,municipality,1978
Decatur,municipality,1983
Decatur,municipality,1984
Decatur,municipality,1985
Decatur,municipality,1986
Decatur,municipality,1987
Decatur,municipality,1989
Decatur,municipality,1991
Decatur,municipality,1992
Decatur,municipality,1993
Decatur,municipality,1994
Decatur,municipality,1995
Decatur,municipality,1996
Decatur,municipality,1998
Decatur,municipality,1999
Decatur,municipality,2001
Decatur,municipality,2002
Decatur,municipality,2005
Decatur,municipality,2006
Decatur,municipality,2007
Decatur,municipality,2008
Decatur,municipality,2009
Decatur,municipality,2010
Decatur,municipality,2012
Decatur,municipality,2013
Decatur,municipality,2014
Decatur,municipality,2062
Decatur,municipality,2093
Decatur,municipality,2117
Decatur,municipality,2197
Decatur,municipality,2221
Decatur,municipality,2244
Decatur,municipality,2245
Decatur,municipality,2246
Decatur,municipality,2247
Decatur,municipality,2248
Decatur,municipality,2249
Decatur,municipality,2253
Decatur,municipality,2254
Decatur,municipality,2259
Decatur,municipality,2337
Decatur,municipality,2406
Decatur,municipality,2472
Decatur,municipality,2473
Decatur,municipality,2539
Decatur,municipality,2554
Decatur,municipality,2610
Decatur,municipality,2683
Decatur,municipality,2688
Decatur,municipality,2714
Decatur,municipality,2749
Decatur,municipality,2758
Griffin,municipality,102
Griffin,municipality,501
Griffin,municipality,507
Griffin,municipality,510
Griffin,municipality,519
Griffin,municipality,567
Griffin,municipality,610
Griffin,municipality,661
Griffin,municipality,686
Griffin,municipality,717
Griffin,municipality,742
Griffin,municipality,972
Griffin,municipality,983
Griffin,municipality,1085
Griffin,municipality,1095
Griffin,municipality,1133
Griffin,municipality,1246
Griffin,municipality,1438
Griffin,municipality,1450
Griffin,municipality,1585
Griffin,municipality,1586
Griffin,municipality,1634
Griffin,municipality,1636
Griffin,municipality,1653
Griffin,municipality,1656
Griffin,municipality,1658
Griffin,municipality,1661
Griffin,municipality,1662
Griffin,municipality,1663
Griffin,municipality,1664
Griffin,municipality,1665
Griffin,municipality,1666
Griffin,municipality,1924
Griffin,municipality,2046
Griffin,municipality,2052
Griffin,municipality,2059
Griffin,municipality,2069
Griffin,municipality,2082
Griffin,municipality,2092
Griffin,municipality,2108
Griffin,municipality,2186
Griffin,municipality,2223
Griffin,municipality,2240
Griffin,municipality,2252
Griffin,municipality,2263
Griffin,municipality,2296
Griffin,municipality,2364
Griffin,municipality,2391
Griffin,municipality,2517
Griffin,municipality,2526
Griffin,municipality,2770
Griffin,municipality,2790
Suwanee,municipality,1580
Acworth,municipality,2627
Winder,municipality,816
Winder,municipality,1519
Winder,municipality,1572
Fayetteville,municipality,709
Fayetteville,municipality,731
Fayetteville,municipality,880
Fayetteville,municipality,1091
Fayetteville,municipality,1153
Fayetteville,municipality,1165
Fayetteville,municipality,1273
Fayetteville,municipality,1367
Fayetteville,municipality,1667
Fayetteville,municipality,2167
Fayetteville,municipality,2586
Holly Springs,municipality,1188
Conyers,municipality,621
Conyers,municipality,643
Conyers,municipality,1552
Richmond Hill,municipality,1809
Powder Springs,municipality,1719
Calhoun,municipality,636
Calhoun,municipality,904
Calhoun,municipality,2759
Forest Park,municipality,239
Forest Park,municipality,241
Forest Park,municipality,726
Forest Park,municipality,852
Forest Park,municipality,863
Forest Park,municipality,1487
Forest Park,municipality,1711
Forest Park,municipality,1977
Forest Park,municipality,2438
Norcross,municipality,123
Norcross,municipality,954
Norcross,municipality,1331
Norcross,municipality,1333
Norcross,municipality,2623
Buford,municipality,826
Fairburn,municipality,2149
Milledgeville,municipality,1812
Jefferson,municipality,1
Jefferson,municipality,22
Jefferson,municipality,119
Jefferson,municipality,225
Jefferson,municipality,240
Jefferson,municipality,245
Jefferson,municipality,280
Jefferson,municipality,290
Jefferson,municipality,341
Jefferson,municipality,348
Jefferson,municipality,349
Jefferson,municipality,351
Jefferson,municipality,352
Jefferson,municipality,353
Jefferson,municipality,358
Jefferson,municipality,381
Jefferson,municipality,393
Jefferson,municipality,409
Jefferson,municipality,413
Jefferson,municipality,451
Jefferson,municipality,456
Jefferson,municipality,474
Jefferson,municipality,497
Jefferson,municipality,500
Jefferson,municipality,503
Jefferson,municipality,504
Jefferson,municipality,505
Jefferson,municipality,506
Jefferson,municipality,518
Jefferson,municipality,533
Jefferson,municipality,606
Jefferson,municipality,650
Jefferson,municipality,653
Jefferson,municipality,662
Jefferson,municipality,666
Jefferson,municipality,667
Jefferson,municipality,668
Jefferson,municipality,669
Jefferson,municipality,671
Jefferson,municipality,672
Jefferson,municipality,676
Jefferson,municipality,678
Jefferson,municipality,689
Jefferson,municipality,699
Jefferson,municipality,714
Jefferson,municipality,788
Jefferson,municipality,817
Jefferson,municipality,820
Jefferson,municipality,843
Jefferson,municipality,855
Jefferson,municipality,941
Jefferson,municipality,952
Jefferson,municipality,954
Jefferson,municipality,955
Jefferson,municipality,1012
Jefferson,municipality,1048
Jefferson,municipality,1060
Jefferson,municipality,1100
Jefferson,municipality,1127
Jefferson,municipality,1143
Jefferson,municipality,1204
Jefferson,municipality,1220
Jefferson,municipality,1270
Jefferson,municipality,1293
Jefferson,municipality,1331
Jefferson,municipality,1333
Jefferson,municipality,1379
Jefferson,municipality,1382
Jefferson,municipality,1385
Jefferson,municipality,1400
Jefferson,municipality,1404
Jefferson,municipality,1413
Jefferson,municipality,1429
Jefferson,municipality,1496
Jefferson,municipality,1548
Jefferson,municipality,1578
Jefferson,municipality,1582
Jefferson,municipality,1588
Jefferson,municipality,1604
Jefferson,municipality,1628
Jefferson,municipality,1738
Jefferson,municipality,1763
Jefferson,municipality,1792
Jefferson,municipality,1796
Jefferson,municipality,1913
Jefferson,municipality,2004
Jefferson,municipality,2027
Jefferson,municipality,2034
Jefferson,municipality,2037
Jefferson,municipality,2039
Jefferson,municipality,2057
Jefferson,municipality,2078
Jefferson,municipality,2091
Jefferson,municipality,2171
Jefferson,municipality,2287
Jefferson,municipality,2395
Jefferson,municipality,2533
Jefferson,municipality,2549
Jefferson,municipality,2593
Jefferson,municipality,2594
Jefferson,municipality,2603
Jefferson,municipality,2732
Jefferson,municipality,2736
Jefferson,municipality,2753
Jefferson,municipality,2770
Jefferson,municipality,2783
Monroe,municipality,45
Monroe,municipality,113
Monroe,municipality,123
Monroe,municipality,455
Monroe,municipality,465
Monroe,municipality,485
Monroe,municipality,528
Monroe,municipality,560
Monroe,municipality,611
Monroe,municipality,612
Monroe,municipality,620
Monroe,municipality,659
Monroe,municipality,1568
Monroe,municipality,1810
Monroe,municipality,1812
Monroe,municipality,1941
Monroe,municipality,1944
Monroe,municipality,2119
Monroe,municipality,2149
Monroe,municipality,2178
Monroe,municipality,2536
Monroe,municipality,2759
Dublin,municipality,2288
Dublin,municipality,2289
Brunswick,municipality,2759
Covington,municipality,297
Covington,municipality,630
Covington,municipality,771
Covington,municipality,871
Covington,municipality,881
Covington,municipality,1185
Covington,municipality,1293
Covington,municipality,1469
Covington,municipality,1575
Covington,municipality,1697
Covington,municipality,2215
Covington,municipality,2287
Covington,municipality,2586
Covington,municipality,2783
Dallas,municipality,15
Dallas,municipality,450
Dallas,municipality,720
Dallas,municipality,1082
Dallas,municipality,1933
Dallas,municipality,2679
Moultrie,municipality,2786
Riverdale,municipality,543
Riverdale,municipality,2149
Bainbridge,municipality,2115
College Park,municipality,1257
College Park,municipality,1617
College Park,municipality,1622
College Park,municipality,1632
College Park,municipality,1677
College Park,municipality,2088
College Park,municipality,2216
Lovejoy,municipality,5
Lovejoy,municipality,25
Lovejoy,municipality,187
Lovejoy,municipality,1162
Lovejoy,municipality,1426
Lovejoy,municipality,1751
Lovejoy,municipality,2228
Lovejoy,municipality,2565
Lovejoy,municipality,2584
Lovejoy,municipality,2602
Lovejoy,municipality,2653
Douglas,municipality,152
Douglas,municipality,177
Douglas,municipality,346
Douglas,municipality,380
Douglas,municipality,594
Douglas,municipality,605
Douglas,municipality,721
Douglas,municipality,739
Douglas,municipality,789
Douglas,municipality,825
Douglas,municipality,864
Douglas,municipality,882
Douglas,municipality,901
Douglas,municipality,920
Douglas,municipality,923
Douglas,municipality,943
Douglas,municipality,957
Douglas,municipality,959
Douglas,municipality,1010
Douglas,municipality,1076
Douglas,municipality,1103
Douglas,municipality,1161
Douglas,municipality,1251
Douglas,municipality,1255
Douglas,municipality,1269
Douglas,municipality,1312
Douglas,municipality,1313
Douglas,municipality,1314
Douglas,municipality,1468
Douglas,municipality,1492
Douglas,municipality,1493
Douglas,municipality,1768
Douglas,municipality,1769
Douglas,municipality,1814
Douglas,municipality,1839
Douglas,municipality,1874
Douglas,municipality,1958
Douglas,municipality,2017
Douglas,municipality,2021
Douglas,municipality,2132
Douglas,municipality,2149
Douglas,municipality,2159
Douglas,municipality,2170
Douglas,municipality,2175
Douglas,municipality,2204
Douglas,municipality,2206
Douglas,municipality,2232
Douglas,municipality,2241
Douglas,municipality,2256
Douglas,municipality,2277
Douglas,municipality,2281
Douglas,municipality,2283
Douglas,municipality,2369
Douglas,municipality,2407
Douglas,municipality,2445
Douglas,municipality,2586
Douglas,municipality,2604
Douglas,municipality,2718
Douglas,municipality,2780
Locust Grove,municipality,1413
Locust Grove,municipality,1429
Rincon,municipality,130
Rincon,municipality,1086
Rincon,municipality,2190
Rincon,municipality,2230
Rincon,municipality,2442
Georgetown,municipality,2
Georgetown,municipality,114
Georgetown,municipality,629
Georgetown,municipality,748
Georgetown,municipality,789
Georgetown,municipality,819
Georgetown,municipality,822
Georgetown,municipality,823
Georgetown,municipality,909
Georgetown,municipality,1299
Georgetown,municipality,1337
Georgetown,municipality,1338
Georgetown,municipality,1339
Georgetown,municipality,1343
Georgetown,municipality,1419
Georgetown,municipality,1520
Georgetown,municipality,1538
Georgetown,municipality,1590
Georgetown,municipality,1606
Georgetown,municipality,1831
Georgetown,municipality,1966
Georgetown,municipality,1968
Georgetown,municipality,2011
Georgetown,municipality,2102
Georgetown,municipality,2240
Georgetown,municipality,2537
Vidalia,municipality,153
Garden City,municipality,509
Garden City,municipality,1476
Garden City,municipality,1955
Garden City,municipality,1959
Garden City,municipality,2384
Garden City,municipality,2620
Garden City,municipality,2755
Fair Oaks,municipality,952
Fair Oaks,municipality,1714
Cumming,municipality,2651
Auburn,municipality,380
Auburn,municipality,644
Auburn,municipality,647
Auburn,municipality,665
Auburn,municipality,1163
Auburn,municipality,1178
Auburn,municipality,1204
Auburn,municipality,1219
Auburn,municipality,1281
Auburn,municipality,1383
Auburn,municipality,1408
Auburn,municipality,1417
Auburn,municipality,1551
Auburn,municipality,1573
Auburn,municipality,1923
Auburn,municipality,2094
Auburn,municipality,2299
Auburn,municipality,2401
Auburn,municipality,2434
Auburn,municipality,2437
Auburn,municipality,2619
Auburn,municipality,2637
Auburn,municipality,2638
Cairo,municipality,8
Cairo,municipality,287
Cairo,municipality,288
Cairo,municipality,315
Cairo,municipality,338
Cairo,municipality,342
Cairo,municipality,344
Cairo,municipality,362
Cairo,municipality,364
Cairo,municipality,383
Cairo,municipality,400
Cairo,municipality,404
Cairo,municipality,461
Cairo,municipality,516
Cairo,municipality,550
Cairo,municipality,597
Cairo,municipality,598
Cairo,municipality,642
Cairo,municipality,910
Cairo,municipality,964
Cairo,municipality,1344
Cairo,municipality,1498
Cairo,municipality,1541
Cairo,municipality,1611
Cairo,municipality,1715
Cairo,municipality,1727
Cairo,municipality,1790
Cairo,municipality,1799
Cairo,municipality,1817
Cairo,municipality,1851
Cairo,municipality,1853
Cairo,municipality,1854
Cairo,municipality,1856
Cairo,municipality,1857
Cairo,municipality,1858
Cairo,municipality,1884
Cairo,municipality,1963
Cairo,municipality,2064
Cairo,municipality,2662
Cairo,municipality,2773
Hampton,municipality,61
Hampton,municipality,377
Hampton,municipality,608
Hampton,municipality,673
Hampton,municipality,1081
Hampton,municipality,1162
Hampton,municipality,1245
Hampton,municipality,1363
Hampton,municipality,1510
Hampton,municipality,1595
Hampton,municipality,1723
Hampton,municipality,1865
Hampton,municipality,1905
Hampton,municipality,1908
Hampton,municipality,1909
Hampton,municipality,1910
Hampton,municipality,1911
Hampton,municipality,1914
Hampton,municipality,1915
Hampton,municipality,1916
Hampton,municipality,1917
Hampton,municipality,2016
Hampton,municipality,2666
Fort Valley,municipality,1584
Fort Valley,municipality,1621
Fort Valley,municipality,1812
Centerville,municipality,92
Centerville,municipality,1239
Centerville,municipality,1812
Fitzgerald,municipality,54
Fitzgerald,municipality,144
Fitzgerald,municipality,146
Fitzgerald,municipality,286
Fitzgerald,municipality,289
Fitzgerald,municipality,293
Fitzgerald,municipality,295
Fitzgerald,municipality,305
Fitzgerald,municipality,307
Fitzgerald,municipality,320
Fitzgerald,municipality,330
Fitzgerald,municipality,365
Fitzgerald,municipality,373
Fitzgerald,municipality,374
Fitzgerald,municipality,387
Fitzgerald,municipality,471
Fitzgerald,municipality,475
Fitzgerald,municipality,478
Fitzgerald,municipality,482
Fitzgerald,municipality,515
Fitzgerald,municipality,519
Fitzgerald,municipality,522
Fitzgerald,municipality,607
Fitzgerald,municipality,730
Fitzgerald,municipality,798
Fitzgerald,municipality,821
Fitzgerald,municipality,868
Fitzgerald,municipality,876
Fitzgerald,municipality,885
Fitzgerald,municipality,888
Fitzgerald,municipality,893
Fitzgerald,municipality,895
Fitzgerald,municipality,912
Fitzgerald,municipality,913
Fitzgerald,municipality,914
Fitzgerald,municipality,915
Fitzgerald,municipality,937
Fitzgerald,municipality,962
Fitzgerald,municipality,973
Fitzgerald,municipality,986
Fitzgerald,municipality,996
Fitzgerald,municipality,1003
Fitzgerald,municipality,1050
Fitzgerald,municipality,1055
Fitzgerald,municipality,1062
Fitzgerald,municipality,1082
Fitzgerald,municipality,1088
Fitzgerald,municipality,1093
Fitzgerald,municipality,1104
Fitzgerald,municipality,1154
Fitzgerald,municipality,1158
Fitzgerald,municipality,1165
Fitzgerald,municipality,1168
Fitzgerald,municipality,1182
Fitzgerald,municipality,1212
Fitzgerald,municipality,1225
Fitzgerald,municipality,1237
Fitzgerald,municipality,1238
Fitzgerald,municipality,1242
Fitzgerald,municipality,1270
Fitzgerald,municipality,1287
Fitzgerald,municipality,1291
Fitzgerald,municipality,1292
Fitzgerald,municipality,1307
Fitzgerald,municipality,1308
Fitzgerald,municipality,1399
Fitzgerald,municipality,1405
Fitzgerald,municipality,1415
Fitzgerald,municipality,1416
Fitzgerald,municipality,1461
Fitzgerald,municipality,1477
Fitzgerald,municipality,1491
Fitzgerald,municipality,1509
Fitzgerald,municipality,1518
Fitzgerald,municipality,1545
Fitzgerald,municipality,1546
Fitzgerald,municipality,1549
Fitzgerald,municipality,1560
Fitzgerald,municipality,1564
Fitzgerald,municipality,1565
Fitzgerald,municipality,1594
Fitzgerald,municipality,1673
Fitzgerald,municipality,1713
Fitzgerald,municipality,1730
Fitzgerald,municipality,1744
Fitzgerald,municipality,1765
Fitzgerald,municipality,1775
Fitzgerald,municipality,1808
Fitzgerald,municipality,1818
Fitzgerald,municipality,1890
Fitzgerald,municipality,1912
Fitzgerald,municipality,1918
Fitzgerald,municipality,1920
Fitzgerald,municipality,1921
Fitzgerald,municipality,1967
Fitzgerald,municipality,2029
Fitzgerald,municipality,2184
Fitzgerald,municipality,2265
Fitzgerald,municipality,2269
Fitzgerald,municipality,2403
Fitzgerald,municipality,2784
Commerce,municipality,32
Commerce,municipality,39
Commerce,municipality,46
Commerce,municipality,50
Commerce,municipality,51
Commerce,municipality,59
Commerce,municipality,88
Commerce,municipality,93
Commerce,municipality,96
Commerce,municipality,100
Commerce,municipality,101
Commerce,municipality,104
Commerce,municipality,106
Commerce,municipality,134
Commerce,municipality,135
Commerce,municipality,161
Commerce,municipality,163
Commerce,municipality,168
Commerce,municipality,169
Commerce,municipality,174
Commerce,municipality,175
Commerce,municipality,176
Commerce,municipality,243
Commerce,municipality,266
Commerce,municipality,273
Commerce,municipality,294
Commerce,municipality,306
Commerce,municipality,311
Commerce,municipality,322
Commerce,municipality,343
Commerce,municipality,350
Commerce,municipality,361
Commerce,municipality,370
Commerce,municipality,415
Commerce,municipality,431
Commerce,municipality,439
Commerce,municipality,440
Commerce,municipality,443
Commerce,municipality,459
Commerce,municipality,462
Commerce,municipality,464
Commerce,municipality,472
Commerce,municipality,473
Commerce,municipality,475
Commerce,municipality,476
Commerce,municipality,481
Commerce,municipality,487
Commerce,municipality,498
Commerce,municipality,502
Commerce,municipality,523
Commerce,municipality,529
Commerce,municipality,532
Commerce,municipality,549
Commerce,municipality,556
Commerce,municipality,571
Commerce,municipality,577
Commerce,municipality,579
Commerce,municipality,583
Commerce,municipality,589
Commerce,municipality,595
Commerce,municipality,599
Commerce,municipality,600
Commerce,municipality,622
Commerce,municipality,631
Commerce,municipality,632
Commerce,municipality,649
Commerce,municipality,679
Commerce,municipality,727
Commerce,municipality,743
Commerce,municipality,750
Commerce,municipality,761
Commerce,municipality,791
Commerce,municipality,805
Commerce,municipality,811
Commerce,municipality,814
Commerce,municipality,815
Commerce,municipality,818
Commerce,municipality,866
Commerce,municipality,896
Commerce,municipality,906
Commerce,municipality,924
Commerce,municipality,929
Commerce,municipality,946
Commerce,municipality,949
Commerce,municipality,951
Commerce,municipality,956
Commerce,municipality,960
Commerce,municipality,963
Commerce,municipality,966
Commerce,municipality,1001
Commerce,municipality,1028
Commerce,municipality,1044
Commerce,municipality,1046
Commerce,municipality,1069
Commerce,municipality,1080
Commerce,municipality,1119
Commerce,municipality,1169
Commerce,municipality,1170
Commerce,municipality,1172
Commerce,municipality,1187
Commerce,municipality,1202
Commerce,municipality,1222
Commerce,municipality,1223
Commerce,municipality,1268
Commerce,municipality,1279
Commerce,municipality,1286
Commerce,municipality,1288
Commerce,municipality,1295
Commerce,municipality,1297
Commerce,municipality,1303
Commerce,municipality,1319
Commerce,municipality,1330
Commerce,municipality,1332
Commerce,municipality,1342
Commerce,municipality,1354
Commerce,municipality,1357
Commerce,municipality,1358
Commerce,municipality,1365
Commerce,municipality,1384
Commerce,municipality,1386
Commerce,municipality,1398
Commerce,municipality,1420
Commerce,municipality,1431
Commerce,municipality,1433
Commerce,municipality,1449
Commerce,municipality,1453
Commerce,municipality,1480
Commerce,municipality,1481
Commerce,municipality,1517
Commerce,municipality,1553
Commerce,municipality,1554
Commerce,municipality,1562
Commerce,municipality,1581
Commerce,municipality,1592
Commerce,municipality,1600
Commerce,municipality,1614
Commerce,municipality,1623
Commerce,municipality,1654
Commerce,municipality,1670
Commerce,municipality,1678
Commerce,municipality,1733
Commerce,municipality,1777
Commerce,municipality,1788
Commerce,municipality,1800
Commerce,municipality,1823
Commerce,municipality,1837
Commerce,municipality,1852
Commerce,municipality,1869
Commerce,municipality,1877
Commerce,municipality,1879
Commerce,municipality,1880
Commerce,municipality,1889
Commerce,municipality,1898
Commerce,municipality,1910
Commerce,municipality,1917
Commerce,municipality,1925
Commerce,municipality,1928
Commerce,municipality,1938
Commerce,municipality,1939
Commerce,municipality,1943
Commerce,municipality,1944
Commerce,municipality,1946
Commerce,municipality,1947
Commerce,municipality,1951
Commerce,municipality,1954
Commerce,municipality,1961
Commerce,municipality,1962
Commerce,municipality,1965
Commerce,municipality,1970
Commerce,municipality,1974
Commerce,municipality,1979
Commerce,municipality,2004
Commerce,municipality,2016
Commerce,municipality,2040
Commerce,municipality,2075
Commerce,municipality,2096
Commerce,municipality,2099
Commerce,municipality,2102
Commerce,municipality,2107
Commerce,municipality,2109
Commerce,municipality,2130
Commerce,municipality,2151
Commerce,municipality,2155
Commerce,municipality,2180
Commerce,municipality,2185
Commerce,municipality,2198
Commerce,municipality,2206
Commerce,municipality,2207
Commerce,municipality,2212
Commerce,municipality,2213
Commerce,municipality,2214
Commerce,municipality,2291
Commerce,municipality,2293
Commerce,municipality,2304
Commerce,municipality,2375
Commerce,municipality,2390
Commerce,municipality,2410
Commerce,municipality,2411
Commerce,municipality,2413
Commerce,municipality,2414
Commerce,municipality,2415
Commerce,municipality,2417
Commerce,municipality,2419
Commerce,municipality,2427
Commerce,municipality,2429
Commerce,municipality,2433
Commerce,municipality,2436
Commerce,municipality,2443
Commerce,municipality,2447
Commerce,municipality,2448
Commerce,municipality,2451
Commerce,municipality,2453
Commerce,municipality,2476
Commerce,municipality,2478
Commerce,municipality,2510
Commerce,municipality,2512
Commerce,municipality,2552
Commerce,municipality,2576
Commerce,municipality,2580
Commerce,municipality,2605
Commerce,municipality,2611
Commerce,municipality,2613
Commerce,municipality,2632
Commerce,municipality,2654
Commerce,municipality,2655
Commerce,municipality,2737
Commerce,municipality,2740
Commerce,municipality,2747
Commerce,municipality,2764
Irondale,municipality,954
Irondale,municipality,1331
Irondale,municipality,1333
Tyrone,municipality,194
Tyrone,municipality,499
Tyrone,municipality,1176
Tyrone,municipality,1181
Tyrone,municipality,1521
Tyrone,municipality,1542
Tyrone,municipality,1682
Tyrone,municipality,1729
Tyrone,municipality,1863
Tyrone,municipality,2098
Tyrone,municipality,2186
Bremen,municipality,580
Bremen,municipality,975
Bremen,municipality,1567
Bremen,municipality,1703
Bremen,municipality,1704
Bremen,municipality,1771
Bremen,municipality,2205
Bremen,municipality,2480
Bremen,municipality,2664
Bremen,municipality,2677
LaFayette,municipality,91
LaFayette,municipality,512
LaFayette,municipality,804
LaFayette,municipality,874
LaFayette,municipality,1248
LaFayette,municipality,1341
LaFayette,municipality,1693
LaFayette,municipality,1901
LaFayette,municipality,2383
LaFayette,municipality,2482
LaFayette,municipality,2783
Thomson,municipality,6
Thomson,municipality,16
Thomson,municipality,84
Thomson,municipality,105
Thomson,municipality,310
Thomson,municipality,314
Thomson,municipality,360
Thomson,municipality,395
Thomson,municipality,469
Thomson,municipality,557
Thomson,municipality,588
Thomson,municipality,590
Thomson,municipality,591
Thomson,municipality,592
Thomson,municipality,615
Thomson,municipality,643
Thomson,municipality,645
Thomson,municipality,845
Thomson,municipality,859
Thomson,municipality,898
Thomson,municipality,899
Thomson,municipality,900
Thomson,municipality,1073
Thomson,municipality,1074
Thomson,municipality,1075
Thomson,municipality,1117
Thomson,municipality,1152
Thomson,municipality,1184
Thomson,municipality,1236
Thomson,municipality,1313
Thomson,municipality,1321
Thomson,municipality,1322
Thomson,municipality,1323
Thomson,municipality,1326
Thomson,municipality,1347
Thomson,municipality,1369
Thomson,municipality,1378
Thomson,municipality,1456
Thomson,municipality,1526
Thomson,municipality,1527
Thomson,municipality,1576
Thomson,municipality,1760
Thomson,municipality,1789
Thomson,municipality,1834
Thomson,municipality,1934
Thomson,municipality,1971
Thomson,municipality,2036
Thomson,municipality,2049
Thomson,municipality,2068
Thomson,municipality,2278
Thomson,municipality,2279
Thomson,municipality,2282
Thomson,municipality,2337
Thomson,municipality,2382
Thomson,municipality,2387
Thomson,municipality,2388
Thomson,municipality,2389
Thomson,municipality,2394
Thomson,municipality,2412
Thomson,municipality,2554
Thomson,municipality,2555
Thomson,municipality,2562
Thomson,municipality,2631
Thomson,municipality,2639
Thomson,municipality,2789
Oakwood,municipality,678
Oakwood,municipality,2422
Oakwood,municipality,2435
Stone Mountain,municipality,978
Stone Mountain,municipality,993
Stone Mountain,municipality,997
Stone Mountain,municipality,998
Stone Mountain,municipality,1000
Stone Mountain,municipality,1009
Stone Mountain,municipality,1011
Stone Mountain,municipality,1022
Stone Mountain,municipality,1023
Stone Mountain,municipality,1032
Stone Mountain,municipality,1033
Stone Mountain,municipality,1034
Stone Mountain,municipality,1039
Stone Mountain,municipality,1042
Temple,municipality,16
Temple,municipality,27
Temple,municipality,28
Temple,municipality,57
Temple,municipality,95
Temple,municipality,97
Temple,municipality,107
Temple,municipality,115
Temple,municipality,165
Temple,municipality,193
Temple,municipality,202
Temple,municipality,203
Temple,municipality,313
Temple,municipality,326
Temple,municipality,438
Temple,municipality,441
Temple,municipality,450
Temple,municipality,596
Temple,municipality,603
Temple,municipality,604
Temple,municipality,675
Temple,municipality,680
Temple,municipality,685
Temple,municipality,690
Temple,municipality,711
Temple,municipality,715
Temple,municipality,723
Temple,municipality,728
Temple,municipality,749
Temple,municipality,944
Temple,municipality,970
Temple,municipality,980
Temple,municipality,1210
Temple,municipality,1247
Temple,municipality,1364
Temple,municipality,1370
Temple,municipality,1371
Temple,municipality,1380
Temple,municipality,1381
Temple,municipality,1427
Temple,municipality,1534
Temple,municipality,1563
Temple,municipality,1613
Temple,municipality,1637
Temple,municipality,1638
Temple,municipality,1639
Temple,municipality,1648
Temple,municipality,1655
Temple,municipality,1688
Temple,municipality,1689
Temple,municipality,1690
Temple,municipality,1694
Temple,municipality,1724
Temple,municipality,1731
Temple,municipality,1798
Temple,municipality,1887
Temple,municipality,1907
Temple,municipality,1956
Temple,municipality,1957
Temple,municipality,1972
Temple,municipality,1976
Temple,municipality,1977
Temple,municipality,1981
Temple,municipality,1988
Temple,municipality,1990
Temple,municipality,2000
Temple,municipality,2003
Temple,municipality,2024
Temple,municipality,2033
Temple,municipality,2042
Temple,municipality,2067
Temple,municipality,2097
Temple,municipality,2104
Temple,municipality,2106
Temple,municipality,2188
Temple,municipality,2238
Temple,municipality,2287
Temple,municipality,2290
Temple,municipality,2298
Temple,municipality,2328
Temple,municipality,2331
Temple,municipality,2456
Temple,municipality,2518
Temple,municipality,2524
Temple,municipality,2529
Temple,municipality,2530
Temple,municipality,2531
Temple,municipality,2532
Temple,municipality,2551
Temple,municipality,2608
Temple,municipality,2616
Temple,municipality,2622
Temple,municipality,2625
Temple,municipality,2629
Temple,municipality,2634
Temple,municipality,2635
Temple,municipality,2679
Temple,municipality,2690
Temple,municipality,2691
Temple,municipality,2693
Temple,municipality,2750
Barnesville,municipality,1867
Barnesville,municipality,2668
Barnesville,municipality,2670
Barnesville,municipality,2671
Barnesville,municipality,2673
Byron,municipality,1
Byron,municipality,132
Byron,municipality,1007
Byron,municipality,1298
Byron,municipality,2171
Byron,municipality,2489
Morrow,municipality,150
Morrow,municipality,193
Morrow,municipality,196
Morrow,municipality,204
Morrow,municipality,294
Morrow,municipality,421
Morrow,municipality,799
Morrow,municipality,1356
Morrow,municipality,1454
Morrow,municipality,2211
Morrow,municipality,2497
Morrow,municipality,2560
Senoia,municipality,1160
Senoia,municipality,2046
Jonesboro,municipality,880
Jonesboro,municipality,1182
Jonesboro,municipality,1237
Jonesboro,municipality,2091
Jackson,municipality,151
Jackson,municipality,269
Jackson,municipality,808
Jackson,municipality,901
Jackson,municipality,907
Jackson,municipality,955
Jackson,municipality,987
Jackson,municipality,1486
Jackson,municipality,1580
Jackson,municipality,1628
Jackson,municipality,1705
Jackson,municipality,1812
Jackson,municipality,2037
Jackson,municipality,2178
Jackson,municipality,2258
Jackson,municipality,2267
Jackson,municipality,2288
Jackson,municipality,2289
Jackson,municipality,2643
Jackson,municipality,2733
Adel,municipality,123
Adel,municipality,2426
Adel,municipality,2540
Adel,municipality,2571
Adel,municipality,2572
Fairview,municipality,53
Fairview,municipality,252
Fairview,municipality,458
Fairview,municipality,786
Fairview,municipality,800
Fairview,municipality,801
Fairview,municipality,931
Fairview,municipality,1014
Fairview,municipality,1144
Fairview,municipality,1174
Fairview,municipality,1228
Fairview,municipality,1305
Fairview,municipality,1489
Fairview,municipality,1687
Fairview,municipality,1731
Fairview,municipality,1747
Fairview,municipality,1950
Fairview,municipality,2577
Fairview,municipality,2729
Fairview,municipality,2744
Waynesboro,municipality,89
Waynesboro,municipality,276
Waynesboro,municipality,496
Waynesboro,municipality,2521
Waynesboro,municipality,2666
Eastman,municipality,207
Eastman,municipality,218
Eastman,municipality,222
Eastman,municipality,618
Eastman,municipality,1234
Eastman,municipality,1718
Eastman,municipality,2513
Eastman,municipality,2543
Eastman,municipality,2578
Eastman,municipality,2595
Sandersville,municipality,123
Sandersville,municipality,167
Sandersville,municipality,262
Sandersville,municipality,334
Social Circle,municipality,151
Social Circle,municipality,1063
Social Circle,municipality,1575
Social Circle,municipality,2567
Social Circle,municipality,2597
Sylvester,municipality,1054
Sylvester,municipality,2454
Conley,municipality,145
Conley,municipality,149
Conley,municipality,422
Conley,municipality,442
Conley,municipality,638
Conley,municipality,826
Conley,municipality,1608
Conley,municipality,1612
Conley,municipality,2422
Conley,municipality,2435
Jasper,municipality,124
Jasper,municipality,281
Jasper,municipality,367
Jasper,municipality,553
Jasper,municipality,692
Jasper,municipality,746
Jasper,municipality,908
Jasper,municipality,938
Jasper,municipality,954
Jasper,municipality,1008
Jasper,municipality,1124
Jasper,municipality,1206
Jasper,municipality,1208
Jasper,municipality,1211
Jasper,municipality,1216
Jasper,municipality,1282
Jasper,municipality,1333
Jasper,municipality,2393
Jasper,municipality,2481
Grayson,municipality,543
Grayson,municipality,1445
Grayson,municipality,1570
Grayson,municipality,1571
Grayson,municipality,2276
Palmetto,municipality,60
Palmetto,municipality,209
Palmetto,municipality,470
Palmetto,municipality,1271
Palmetto,municipality,1478
Palmetto,municipality,1574
Palmetto,municipality,1647
Palmetto,municipality,1793
Palmetto,municipality,1848
Palmetto,municipality,1849
Palmetto,municipality,1855
Blakely,municipality,624
Blakely,municipality,630
Blakely,municipality,674
Blakely,municipality,771
Blakely,municipality,973
Blakely,municipality,979
Blakely,municipality,1293
Blakely,municipality,1468
Blakely,municipality,1469
Blakely,municipality,1525
Blakely,municipality,1532
Blakely,municipality,1626
Blakely,municipality,1631
Blakely,municipality,1697
Blakely,municipality,1722
Blakely,municipality,1942
Blakely,municipality,2176
Blakely,municipality,2287
Blakely,municipality,2621
Blakely,municipality,2649
Blakely,municipality,2734
Madison,municipality,123
Madison,municipality,399
Madison,municipality,446
Madison,municipality,535
Madison,municipality,543
Madison,municipality,554
Madison,municipality,563
Madison,municipality,565
Madison,municipality,566
Madison,municipality,808
Madison,municipality,1409
Madison,municipality,1411
Madison,municipality,1669
Adairsville,municipality,2586
Camilla,municipality,444
Camilla,municipality,524
Camilla,municipality,526
Camilla,municipality,1418
Camilla,municipality,1926
Camilla,municipality,1927
Camilla,municipality,2607
Camilla,municipality,2612
Camilla,municipality,2633
Camilla,municipality,2745
Nashville,municipality,48
Nashville,municipality,162
Nashville,municipality,215
Nashville,municipality,216
Nashville,municipality,217
Nashville,municipality,219
Nashville,municipality,221
Nashville,municipality,227
Nashville,municipality,231
Nashville,municipality,235
Nashville,municipality,808
Nashville,municipality,2430
Chatsworth,municipality,1106
Chatsworth,municipality,1112
Chatsworth,municipality,1310
Chatsworth,municipality,1562
Chatsworth,municipality,2476
Forsyth,municipality,113
Forsyth,municipality,528
Forsyth,municipality,620
Forsyth,municipality,1566
Forsyth,municipality,1768
Forsyth,municipality,1769
Forsyth,municipality,1810
Forsyth,municipality,1812
Cochran,municipality,953
Cochran,municipality,1735
Cochran,municipality,1736
Cochran,municipality,1755
Cochran,municipality,1768
Cochran,municipality,1769
Cochran,municipality,2455
Cochran,municipality,2462
Cochran,municipality,2464
Cochran,municipality,2484
Lakeview,municipality,172
Lakeview,municipality,236
Lakeview,municipality,238
Lakeview,municipality,247
Lakeview,municipality,249
Lakeview,municipality,250
Lakeview,municipality,317
Lakeview,municipality,445
Lakeview,municipality,455
Lakeview,municipality,904
Lakeview,municipality,1445
Montgomery,municipality,11
Montgomery,municipality,18
Montgomery,municipality,103
Montgomery,municipality,546
Montgomery,municipality,1345
Montgomery,municipality,1558
Montgomery,municipality,1587
Montgomery,municipality,1842
Montgomery,municipality,2134
Montgomery,municipality,2152
Montgomery,municipality,2258
Montgomery,municipality,2267
Montgomery,municipality,2466
Montgomery,municipality,2657
Montgomery,municipality,2659
Montgomery,municipality,2663
Montgomery,municipality,2666
Montgomery,municipality,2731
Folkston,municipality,2183
Hartwell,municipality,417
Hartwell,municipality,909
Summerville,municipality,2125
Summerville,municipality,2159
Summerville,municipality,2383
Lyons,municipality,300
Lyons,municipality,304
Lyons,municipality,1389
Lyons,municipality,1672
Lyons,municipality,1743
Lyons,municipality,1872
Lyons,municipality,2600
Ashburn,municipality,4
Ashburn,municipality,12
Ashburn,municipality,13
Ashburn,municipality,116
Ashburn,municipality,126
Ashburn,municipality,156
Ashburn,municipality,166
Ashburn,municipality,170
Ashburn,municipality,173
Ashburn,municipality,180
Ashburn,municipality,181
Ashburn,municipality,182
Ashburn,municipality,183
Ashburn,municipality,184
Ashburn,municipality,198
Ashburn,municipality,200
Ashburn,municipality,225
Ashburn,municipality,318
Ashburn,municipality,333
Ashburn,municipality,357
Ashburn,municipality,371
Ashburn,municipality,448
Ashburn,municipality,656
Ashburn,municipality,716
Ashburn,municipality,722
Ashburn,municipality,793
Ashburn,municipality,797
Ashburn,municipality,802
Ashburn,municipality,827
Ashburn,municipality,828
Ashburn,municipality,831
Ashburn,municipality,833
Ashburn,municipality,834
Ashburn,municipality,836
Ashburn,municipality,837
Ashburn,municipality,838
Ashburn,municipality,860
Ashburn,municipality,862
Ashburn,municipality,877
Ashburn,municipality,878
Ashburn,municipality,1108
Ashburn,municipality,1207
Ashburn,municipality,1309
Ashburn,municipality,1352
Ashburn,municipality,1470
Ashburn,municipality,1473
Ashburn,municipality,1482
Ashburn,municipality,1507
Ashburn,municipality,1602
Ashburn,municipality,1634
Ashburn,municipality,1635
Ashburn,municipality,1651
Ashburn,municipality,1656
Ashburn,municipality,1659
Ashburn,municipality,1660
Ashburn,municipality,1701
Ashburn,municipality,1739
Ashburn,municipality,1759
Ashburn,municipality,1762
Ashburn,municipality,1813
Ashburn,municipality,1845
Ashburn,municipality,1942
Ashburn,municipality,1949
Ashburn,municipality,2026
Ashburn,municipality,2028
Ashburn,municipality,2160
Ashburn,municipality,2162
Ashburn,municipality,2164
Ashburn,municipality,2168
Ashburn,municipality,2323
Ashburn,municipality,2378
Ashburn,municipality,2504
Ashburn,municipality,2563
Ashburn,municipality,2592
Ashburn,municipality,2630
Ashburn,municipality,2669
Ashburn,municipality,2674
Ashburn,municipality,2694
Ashburn,municipality,2695
Ashburn,municipality,2696
Ashburn,municipality,2697
Ashburn,municipality,2699
Ashburn,municipality,2700
Ashburn,municipality,2701
Ashburn,municipality,2702
Ashburn,municipality,2703
Ashburn,municipality,2704
Ashburn,municipality,2705
Ashburn,municipality,2706
Ashburn,municipality,2707
Ashburn,municipality,2708
Ashburn,municipality,2709
Ashburn,municipality,2710
Ashburn,municipality,2711
Ashburn,municipality,2712
Ashburn,municipality,2716
Ashburn,municipality,2719
Ashburn,municipality,2722
Ashburn,municipality,2724
Ashburn,municipality,2739
Ashburn,municipality,2741
Ashburn,municipality,2742
Baldwin,municipality,122
Baldwin,municipality,269
Baldwin,municipality,336
Baldwin,municipality,619
Baldwin,municipality,719
Baldwin,municipality,886
Baldwin,municipality,974
Baldwin,municipality,1209
Baldwin,municipality,1276
Baldwin,municipality,1290
Baldwin,municipality,1304
Baldwin,municipality,1397
Baldwin,municipality,1437
Baldwin,municipality,1462
Baldwin,municipality,1561
Baldwin,municipality,1787
Baldwin,municipality,1812
Baldwin,municipality,1975
Baldwin,municipality,2053
Baldwin,municipality,2177
Baldwin,municipality,2193
Baldwin,municipality,2474
Baldwin,municipality,2527
Dawson,municipality,738
Dawson,municipality,919
Dawson,municipality,921
Dawson,municipality,1120
Dawson,municipality,1569
Dawson,municipality,1599
Dawson,municipality,2294
Dawson,municipality,2598
Dawson,municipality,2599
Dawson,municipality,2738
Dawson,municipality,2762
Dawson,municipality,2763
Dawson,municipality,2765
Dawson,municipality,2766
Dawson,municipality,2767
Dawson,municipality,2768
Euharlee,municipality,585
Euharlee,municipality,784
Harlem,municipality,586
Harlem,municipality,1062
Harlem,municipality,1694
Harlem,municipality,1726
Quitman,municipality,685
Watkinsville,municipality,190
Manchester,municipality,1933
Manchester,municipality,2149
Washington,municipality,0
Washington,municipality,3
Washington,municipality,15
Washington,municipality,48
Washington,municipality,205
Washington,municipality,206
Washington,municipality,208
Washington,municipality,212
Washington,municipality,215
Washington,municipality,216
Washington,municipality,217
Washington,municipality,219
Washington,municipality,221
Washington,municipality,227
Washington,municipality,231
Washington,municipality,235
Washington,municipality,291
Washington,municipality,292
Washington,municipality,299
Washington,municipality,331
Washington,municipality,363
Washington,municipality,386
Washington,municipality,396
Washington,municipality,397
Washington,municipality,402
Washington,municipality,449
Washington,municipality,480
Washington,municipality,514
Washington,municipality,555
Washington,municipality,720
Washington,municipality,744
Washington,municipality,751
Washington,municipality,752
Washington,municipality,753
Washington,municipality,754
Washington,municipality,755
Washington,municipality,756
Washington,municipality,757
Washington,municipality,758
Washington,municipality,759
Washington,municipality,760
Washington,municipality,762
Washington,municipality,763
Washington,municipality,764
Washington,municipality,765
Washington,municipality,766
Washington,municipality,767
Washington,municipality,768
Washington,municipality,769
Washington,municipality,772
Washington,municipality,782
Washington,municipality,797
Washington,municipality,802
Washington,municipality,829
Washington,municipality,832
Washington,municipality,867
Washington,municipality,879
Washington,municipality,889
Washington,municipality,925
Washington,municipality,930
Washington,municipality,950
Washington,municipality,974
Washington,municipality,987
Washington,municipality,994
Washington,municipality,1008
Washington,municipality,1054
Washington,municipality,1056
Washington,municipality,1109
Washington,municipality,1270
Washington,municipality,1300
Washington,municipality,1374
Washington,municipality,1406
Washington,municipality,1596
Washington,municipality,1609
Washington,municipality,1645
Washington,municipality,1811
Washington,municipality,1896
Washington,municipality,1953
Washington,municipality,2060
Washington,municipality,2082
Washington,municipality,2092
Washington,municipality,2108
Washington,municipality,2225
Washington,municipality,2259
Washington,municipality,2370
Washington,municipality,2430
Washington,municipality,2485
Washington,municipality,2506
Washington,municipality,2507
Washington,municipality,2559
Washington,municipality,2698
Washington,municipality,2754
Washington,municipality,2757
Washington,municipality,2777
West Point,municipality,86
West Point,municipality,131
West Point,municipality,192
West Point,municipality,215
West Point,municipality,216
West Point,municipality,217
West Point,municipality,219
West Point,municipality,221
West Point,municipality,227
West Point,municipality,231
West Point,municipality,233
West Point,municipality,235
West Point,municipality,248
West Point,municipality,704
West Point,municipality,708
West Point,municipality,1475
West Point,municipality,1483
West Point,municipality,1486
West Point,municipality,1603
West Point,municipality,1705
West Point,municipality,2561
Cleveland,municipality,782
Cleveland,municipality,978
Cleveland,municipality,993
Cleveland,municipality,997
Cleveland,municipality,998
Cleveland,municipality,1000
Cleveland,municipality,1009
Cleveland,municipality,1011
Cleveland,municipality,1022
Cleveland,municipality,1023
Cleveland,municipality,1032
Cleveland,municipality,1033
Cleveland,municipality,1034
Cleveland,municipality,1039
Cleveland,municipality,1042
Leesburg,municipality,225
Leesburg,municipality,870
Leesburg,municipality,953
Leesburg,municipality,1049
Leesburg,municipality,1194
Leesburg,municipality,1701
Leesburg,municipality,2071
Leesburg,municipality,2643
Greensboro,municipality,132
Greensboro,municipality,316
Greensboro,municipality,1165
Greensboro,municipality,1414
Greensboro,municipality,1418
Greensboro,municipality,1580
Bonanza,municipality,253
Bonanza,municipality,254
Bonanza,municipality,255
Bonanza,municipality,256
Bonanza,municipality,257
Bonanza,municipality,258
Bonanza,municipality,259
Bonanza,municipality,260
Bonanza,municipality,263
Bonanza,municipality,264
Bonanza,municipality,268
Bonanza,municipality,270
Bonanza,municipality,271
Bonanza,municipality,272
Bonanza,municipality,284
Bonanza,municipality,447
Bonanza,municipality,457
Bonanza,municipality,460
Bonanza,municipality,531
Bonanza,municipality,540
Bonanza,municipality,559
Bonanza,municipality,568
Bonanza,municipality,617
Bonanza,municipality,1125
Bonanza,municipality,1128
Bonanza,municipality,1129
Bonanza,municipality,1130
Bonanza,municipality,1132
Bonanza,municipality,1325
Bonanza,municipality,1328
Bonanza,municipality,1454
Bonanza,municipality,1474
Bonanza,municipality,1490
Bonanza,municipality,1508
Bonanza,municipality,1524
Bonanza,municipality,1544
Bonanza,municipality,1686
Bonanza,municipality,1728
Bonanza,municipality,1932
Bonanza,municipality,2172
Bonanza,municipality,2179
Bonanza,municipality,2181
Bonanza,municipality,2292
Bonanza,municipality,2367
Bonanza,municipality,2449
Bonanza,municipality,2467
Bonanza,municipality,2570
Bonanza,municipality,2581
Bonanza,municipality,2658
Bonanza,municipality,2727
Gray,municipality,9
Gray,municipality,14
Gray,municipality,31
Gray,municipality,61
Gray,municipality,62
Gray,municipality,110
Gray,municipality,128
Gray,municipality,154
Gray,municipality,164
Gray,municipality,185
Gray,municipality,186
Gray,municipality,195
Gray,municipality,197
Gray,municipality,199
Gray,municipality,234
Gray,municipality,261
Gray,municipality,273
Gray,municipality,277
Gray,municipality,278
Gray,municipality,302
Gray,municipality,323
Gray,municipality,324
Gray,municipality,327
Gray,municipality,337
Gray,municipality,369
Gray,municipality,372
Gray,municipality,376
Gray,municipality,384
Gray,municipality,385
Gray,municipality,401
Gray,municipality,429
Gray,municipality,452
Gray,municipality,477
Gray,municipality,511
Gray,municipality,521
Gray,municipality,543
Gray,municipality,544
Gray,municipality,576
Gray,municipality,584
Gray,municipality,587
Gray,municipality,609
Gray,municipality,633
Gray,municipality,648
Gray,municipality,651
Gray,municipality,652
Gray,municipality,654
Gray,municipality,663
Gray,municipality,670
Gray,municipality,681
Gray,municipality,684
Gray,municipality,695
Gray,municipality,703
Gray,municipality,705
Gray,municipality,710
Gray,municipality,725
Gray,municipality,736
Gray,municipality,740
Gray,municipality,745
Gray,municipality,747
Gray,municipality,781
Gray,municipality,789
Gray,municipality,790
Gray,municipality,803
Gray,municipality,850
Gray,municipality,853
Gray,municipality,861
Gray,municipality,869
Gray,municipality,873
Gray,municipality,892
Gray,municipality,894
Gray,municipality,901
Gray,municipality,916
Gray,municipality,922
Gray,municipality,927
Gray,municipality,932
Gray,municipality,945
Gray,municipality,947
Gray,municipality,984
Gray,municipality,985
Gray,municipality,991
Gray,municipality,1051
Gray,municipality,1059
Gray,municipality,1066
Gray,municipality,1068
Gray,municipality,1086
Gray,municipality,1092
Gray,municipality,1115
Gray,municipality,1118
Gray,municipality,1126
Gray,municipality,1131
Gray,municipality,1135
Gray,municipality,1157
Gray,municipality,1164
Gray,municipality,1167
Gray,municipality,1171
Gray,municipality,1205
Gray,municipality,1213
Gray,municipality,1227
Gray,municipality,1240
Gray,municipality,1256
Gray,municipality,1261
Gray,municipality,1267
Gray,municipality,1278
Gray,municipality,1306
Gray,municipality,1311
Gray,municipality,1315
Gray,municipality,1317
Gray,municipality,1335
Gray,municipality,1348
Gray,municipality,1349
Gray,municipality,1351
Gray,municipality,1353
Gray,municipality,1362
Gray,municipality,1365
Gray,municipality,1388
Gray,municipality,1390
Gray,municipality,1422
Gray,municipality,1423
Gray,municipality,1424
Gray,municipality,1428
Gray,municipality,1439
Gray,municipality,1445
Gray,municipality,1457
Gray,municipality,1458
Gray,municipality,1464
Gray,municipality,1466
Gray,municipality,1473
Gray,municipality,1506
Gray,municipality,1512
Gray,municipality,1514
Gray,municipality,1515
Gray,municipality,1522
Gray,municipality,1555
Gray,municipality,1556
Gray,municipality,1570
Gray,municipality,1571
Gray,municipality,1600
Gray,municipality,1629
Gray,municipality,1649
Gray,municipality,1652
Gray,municipality,1668
Gray,municipality,1683
Gray,municipality,1696
Gray,municipality,1700
Gray,municipality,1720
Gray,municipality,1724
Gray,municipality,1725
Gray,municipality,1742
Gray,municipality,1749
Gray,municipality,1776
Gray,municipality,1791
Gray,municipality,1794
Gray,municipality,1797
Gray,municipality,1806
Gray,municipality,1816
Gray,municipality,1821
Gray,municipality,1822
Gray,municipality,1824
Gray,municipality,1825
Gray,municipality,1827
Gray,municipality,1828
Gray,municipality,1829
Gray,municipality,1830
Gray,municipality,1835
Gray,municipality,1838
Gray,municipality,1840
Gray,municipality,1846
Gray,municipality,1850
Gray,municipality,1859
Gray,municipality,1868
Gray,municipality,1870
Gray,municipality,1873
Gray,municipality,1875
Gray,municipality,1891
Gray,municipality,1906
Gray,municipality,1913
Gray,municipality,1922
Gray,municipality,1948
Gray,municipality,1973
Gray,municipality,1980
Gray,municipality,1982
Gray,municipality,2019
Gray,municipality,2031
Gray,municipality,2048
Gray,municipality,2060
Gray,municipality,2070
Gray,municipality,2072
Gray,municipality,2074
Gray,municipality,2077
Gray,municipality,2105
Gray,municipality,2110
Gray,municipality,2119
Gray,municipality,2150
Gray,municipality,2163
Gray,municipality,2165
Gray,municipality,2189
Gray,municipality,2224
Gray,municipality,2231
Gray,municipality,2260
Gray,municipality,2264
Gray,municipality,2276
Gray,municipality,2284
Gray,municipality,2301
Gray,municipality,2379
Gray,municipality,2386
Gray,municipality,2397
Gray,municipality,2435
Gray,municipality,2439
Gray,municipality,2440
Gray,municipality,2450
Gray,municipality,2459
Gray,municipality,2468
Gray,municipality,2486
Gray,municipality,2493
Gray,municipality,2495
Gray,municipality,2496
Gray,municipality,2500
Gray,municipality,2515
Gray,municipality,2525
Gray,municipality,2564
Gray,municipality,2585
Gray,municipality,2588
Gray,municipality,2615
Gray,municipality,2617
Gray,municipality,2626
Gray,municipality,2636
Gray,municipality,2642
Gray,municipality,2668
Gray,municipality,2670
Gray,municipality,2671
Gray,municipality,2673
Gray,municipality,2676
Gray,municipality,2689
Gray,municipality,2720
Gray,municipality,2723
Gray,municipality,2725
Gray,municipality,2726
Gray,municipality,2750
Gray,municipality,2785
Gray,municipality,2788
Pelham,municipality,954
Pelham,municipality,1333
Pelham,municipality,1878
Alma,municipality,16
Alma,municipality,239
Alma,municipality,241
Alma,municipality,468
Alma,municipality,637
Alma,municipality,639
Alma,municipality,640
Alma,municipality,795
Alma,municipality,939
Alma,municipality,967
Alma,municipality,968
Alma,municipality,1355
Alma,municipality,1459
Alma,municipality,1465
Alma,municipality,1523
Alma,municipality,1620
Alma,municipality,1706
Alma,municipality,1710
Alma,municipality,1712
Alma,municipality,2153
Alma,municipality,2271
Alma,municipality,2286
Alma,municipality,2452
Alma,municipality,2498
Alma,municipality,2501
Alma,municipality,2511
Alma,municipality,2548
Alma,municipality,2585
Alma,municipality,2748
Grantville,municipality,1160
Hardwick,municipality,1133
Hardwick,municipality,1402
Hardwick,municipality,1445
Hardwick,municipality,1591
Hogansville,municipality,121
Hogansville,municipality,125
Hogansville,municipality,192
Hogansville,municipality,276
Hogansville,municipality,1483
Hogansville,municipality,1705
Hogansville,municipality,2561
Experiment,municipality,10
Experiment,municipality,21
Experiment,municipality,26
Experiment,municipality,33
Experiment,municipality,38
Experiment,municipality,52
Experiment,municipality,55
Experiment,municipality,56
Experiment,municipality,68
Experiment,municipality,69
Experiment,municipality,70
Experiment,municipality,71
Experiment,municipality,73
Experiment,municipality,74
Experiment,municipality,75
Experiment,municipality,76
Experiment,municipality,85
Experiment,municipality,94
Experiment,municipality,111
Experiment,municipality,112
Experiment,municipality,133
Experiment,municipality,137
Experiment,municipality,142
Experiment,municipality,157
Experiment,municipality,214
Experiment,municipality,223
Experiment,municipality,224
Experiment,municipality,251
Experiment,municipality,274
Experiment,municipality,275
Experiment,municipality,285
Experiment,municipality,308
Experiment,municipality,312
Experiment,municipality,325
Experiment,municipality,332
Experiment,municipality,335
Experiment,municipality,339
Experiment,municipality,340
Experiment,municipality,345
Experiment,municipality,369
Experiment,municipality,382
Experiment,municipality,384
Experiment,municipality,385
Experiment,municipality,390
Experiment,municipality,391
Experiment,municipality,392
Experiment,municipality,394
Experiment,municipality,398
Experiment,municipality,403
Experiment,municipality,407
Experiment,municipality,414
Experiment,municipality,416
Experiment,municipality,423
Experiment,municipality,424
Experiment,municipality,425
Experiment,municipality,426
Experiment,municipality,434
Experiment,municipality,435
Experiment,municipality,436
Experiment,municipality,454
Experiment,municipality,466
Experiment,municipality,572
Experiment,municipality,574
Experiment,municipality,578
Experiment,municipality,593
Experiment,municipality,613
Experiment,municipality,649
Experiment,municipality,696
Experiment,municipality,706
Experiment,municipality,707
Experiment,municipality,712
Experiment,municipality,775
Experiment,municipality,785
Experiment,municipality,787
Experiment,municipality,796
Experiment,municipality,807
Experiment,municipality,809
Experiment,municipality,810
Experiment,municipality,812
Experiment,municipality,813
Experiment,municipality,840
Experiment,municipality,846
Experiment,municipality,848
Experiment,municipality,851
Experiment,municipality,854
Experiment,municipality,883
Experiment,municipality,884
Experiment,municipality,887
Experiment,municipality,933
Experiment,municipality,934
Experiment,municipality,935
Experiment,municipality,936
Experiment,municipality,940
Experiment,municipality,948
Experiment,municipality,958
Experiment,municipality,971
Experiment,municipality,977
Experiment,municipality,981
Experiment,municipality,982
Experiment,municipality,989
Experiment,municipality,1030
Experiment,municipality,1041
Experiment,municipality,1058
Experiment,municipality,1071
Experiment,municipality,1078
Experiment,municipality,1096
Experiment,municipality,1097
Experiment,municipality,1101
Experiment,municipality,1105
Experiment,municipality,1107
Experiment,municipality,1116
Experiment,municipality,1121
Experiment,municipality,1122
Experiment,municipality,1123
Experiment,municipality,1134
Experiment,municipality,1142
Experiment,municipality,1149
Experiment,municipality,1173
Experiment,municipality,1175
Experiment,municipality,1180
Experiment,municipality,1183
Experiment,municipality,1186
Experiment,municipality,1190
Experiment,municipality,1196
Experiment,municipality,1218
Experiment,municipality,1224
Experiment,municipality,1226
Experiment,municipality,1229
Experiment,municipality,1235
Experiment,municipality,1254
Experiment,municipality,1258
Experiment,municipality,1259
Experiment,municipality,1263
Experiment,municipality,1265
Experiment,municipality,1266
Experiment,municipality,1275
Experiment,municipality,1284
Experiment,municipality,1346
Experiment,municipality,1360
Experiment,municipality,1373
Experiment,municipality,1375
Experiment,municipality,1396
Experiment,municipality,1463
Experiment,municipality,1495
Experiment,municipality,1633
Experiment,municipality,1642
Experiment,municipality,1644
Experiment,municipality,1650
Experiment,municipality,1679
Experiment,municipality,1684
Experiment,municipality,1691
Experiment,municipality,1692
Experiment,municipality,1707
Experiment,municipality,1767
Experiment,municipality,1814
Experiment,municipality,1815
Experiment,municipality,1819
Experiment,municipality,1832
Experiment,municipality,1833
Experiment,municipality,1836
Experiment,municipality,1862
Experiment,municipality,1866
Experiment,municipality,1876
Experiment,municipality,1894
Experiment,municipality,1899
Experiment,municipality,1902
Experiment,municipality,1919
Experiment,municipality,2061
Experiment,municipality,2066
Experiment,municipality,2073
Experiment,municipality,2081
Experiment,municipality,2095
Experiment,municipality,2103
Experiment,municipality,2116
Experiment,municipality,2146
Experiment,municipality,2154
Experiment,municipality,2157
Experiment,municipality,2166
Experiment,municipality,2192
Experiment,municipality,2226
Experiment,municipality,2300
Experiment,municipality,2302
Experiment,municipality,2322
Experiment,municipality,2325
Experiment,municipality,2357
Experiment,municipality,2374
Experiment,municipality,2377
Experiment,municipality,2392
Experiment,municipality,2409
Experiment,municipality,2416
Experiment,municipality,2420
Experiment,municipality,2429
Experiment,municipality,2431
Experiment,municipality,2441
Experiment,municipality,2444
Experiment,municipality,2446
Experiment,municipality,2479
Experiment,municipality,2486
Experiment,municipality,2491
Experiment,municipality,2492
Experiment,municipality,2505
Experiment,municipality,2514
Experiment,municipality,2516
Experiment,municipality,2542
Experiment,municipality,2575
Experiment,municipality,2591
Experiment,municipality,2606
Experiment,municipality,2609
Experiment,municipality,2614
Experiment,municipality,2644
Experiment,municipality,2645
Experiment,municipality,2647
Experiment,municipality,2648
Experiment,municipality,2672
Experiment,municipality,2680
Experiment,municipality,2715
Experiment,municipality,2721
Experiment,municipality,2760
Bloomingdale,municipality,1305
Guyton,municipality,585
Lula,municipality,43
Lula,municipality,158
Lula,municipality,364
Lula,municipality,383
Lula,municipality,404
Lula,municipality,1179
Lula,municipality,1871
Lula,municipality,1892
Lula,municipality,1900
Lakeland,municipality,1293
Lakeland,municipality,1455
Lakeland,municipality,2365
Lakeland,municipality,2598
Monticello,municipality,527
Monticello,municipality,1442
Monticello,municipality,1952
Monticello,municipality,2363
Monticello,municipality,2573
Monticello,municipality,2772
Monticello,municipality,2776
Cuthbert,municipality,2396
Lake City,municipality,34
Lake City,municipality,44
Lake City,municipality,488
Lake City,municipality,627
Lake City,municipality,634
Lake City,municipality,635
Lake City,municipality,826
Lake City,municipality,961
Lake City,municipality,1090
Lake City,municipality,1189
Lake City,municipality,1214
Lake City,municipality,1231
Lake City,municipality,1253
Lake City,municipality,1455
Lake City,municipality,1472
Lake City,municipality,1740
Lake City,municipality,1754
Lake City,municipality,1757
Lake City,municipality,1758
Lake City,municipality,1766
Lake City,municipality,1772
Lake City,municipality,1780
Lake City,municipality,1782
Lake City,municipality,1783
Lake City,municipality,1784
Lake City,municipality,1930
Lake City,municipality,1937
Lake City,municipality,1945
Lake City,municipality,2032
Lake City,municipality,2079
Lake City,municipality,2080
Lake City,municipality,2083
Lake City,municipality,2086
Lake City,municipality,2087
Lake City,municipality,2100
Lake City,municipality,2457
Lake City,municipality,2777
Abbeville,municipality,874
Alamo,municipality,24
Alamo,municipality,295
Alamo,municipality,1200
Alamo,municipality,2366
Alamo,municipality,2522
